Hospital_Type,Number_of_Patients,Number_of_Staff,Avg_Patient_Load_Last_Month,Hospital_Location,Supply_Chain_Efficiency,Avg_Monthly_PPE_Consumption,Emergency_Cases_Last_Week,Days_Since_Last_PPE_Replenishment,Budget_Allocation_for_PPE,PPE_Kits_Available
Emergency,287,171,552,Rural,3,808,13,13,32.85,675
General,405,38,449,Suburban,4,570,39,15,78.73,135
Emergency,222,184,733,Rural,3,720,14,16,71.92,627
Emergency,441,104,593,Rural,2,987,16,5,39.05,625
General,270,27,719,Urban,2,690,17,25,59.09,234
General,168,47,103,Rural,1,772,31,27,23.25,282
Emergency,358,24,192,Suburban,1,538,37,6,50.73,89
Specialty,232,164,105,Urban,2,630,22,25,89.31,473
Emergency,337,120,387,Suburban,5,226,45,25,47.91,128
Emergency,356,183,717,Suburban,5,304,22,0,85.56,431
Emergency,349,137,245,Urban,4,128,34,24,63.12,133
Emergency,131,166,882,Suburban,1,544,38,14,27.27,384
General,451,83,523,Urban,4,818,14,19,62.3,471
Emergency,260,110,989,Suburban,1,563,23,20,55.54,334
Specialty,199,136,707,Urban,2,379,27,17,45.88,306
General,86,117,556,Rural,5,250,15,29,20.77,237
Specialty,401,30,840,Suburban,5,339,15,27,47.5,138
Specialty,361,73,301,Urban,2,365,39,25,16.55,86
Specialty,410,192,311,Suburban,4,793,38,12,18.89,582
Specialty,108,66,105,Suburban,4,204,5,23,47.43,202
General,180,159,723,Suburban,3,532,1,29,37.48,507
General,461,168,475,Urban,1,596,12,1,93.3,598
Specialty,251,158,990,Rural,4,539,43,18,43.81,342
Specialty,292,24,546,Rural,2,847,46,14,78.21,213
General,84,39,934,Rural,4,784,8,11,57.72,433
General,494,188,205,Urban,5,257,33,14,73.37,354
General,142,65,750,Rural,1,271,16,24,33.41,75
Emergency,487,31,910,Urban,3,593,26,17,94.77,216
Emergency,496,89,500,Suburban,1,410,28,13,57.71,211
Emergency,256,36,195,Suburban,5,502,36,5,84.82,183
Specialty,402,134,487,Rural,5,768,42,11,42.85,469
Emergency,440,166,551,Urban,5,869,21,19,19.02,662
Specialty,381,173,948,Suburban,5,775,23,22,70.63,562
Specialty,354,67,908,Urban,2,758,6,29,10.7,394
Emergency,399,127,515,Urban,3,765,33,29,52.78,421
Specialty,262,71,825,Suburban,5,562,47,5,27.35,226
Emergency,208,115,603,Urban,5,466,11,25,66.46,367
Emergency,491,89,553,Suburban,4,649,22,29,98.15,360
General,494,121,390,Suburban,3,742,14,8,51.8,543
Emergency,73,94,633,Suburban,1,969,32,29,83.57,453
General,453,180,292,Urban,3,354,12,24,55.7,459
Emergency,342,170,249,Suburban,3,307,22,25,54.63,344
Emergency,53,162,979,Urban,3,549,37,3,93.74,445
General,269,174,858,Suburban,5,194,31,16,90.1,279
General,413,198,878,Suburban,5,959,44,1,80.72,720
Emergency,431,101,862,Rural,2,938,49,15,36.66,405
Specialty,69,111,614,Rural,1,577,34,23,59.05,275
General,493,198,492,Rural,4,782,0,13,30.15,763
Specialty,201,194,415,Urban,3,861,46,25,49.95,533
Specialty,99,23,175,Urban,1,289,44,7,53.58,0
Specialty,226,154,698,Suburban,1,810,4,13,84.85,679
General,484,128,369,Suburban,2,583,12,1,90.64,528
Specialty,145,182,324,Suburban,4,832,4,15,47.32,773
General,154,67,629,Suburban,3,635,31,3,11.59,367
Specialty,469,92,212,Urban,4,855,20,0,87.56,542
Emergency,299,91,350,Suburban,2,522,23,22,25.69,293
Emergency,166,135,332,Suburban,5,935,17,19,65.97,621
General,403,192,940,Rural,1,739,20,26,12.25,581
Emergency,277,100,890,Suburban,3,704,9,13,45.96,468
Emergency,115,100,813,Suburban,5,911,23,7,98.74,580
Specialty,384,132,182,Suburban,2,232,39,24,19.06,125
General,467,115,224,Urban,4,154,46,27,48.13,0
Specialty,469,91,274,Rural,1,609,20,24,37.64,310
Specialty,311,166,168,Suburban,3,769,24,2,91.46,656
Specialty,344,82,146,Suburban,5,640,22,4,88.24,420
Specialty,475,57,983,Rural,5,509,21,5,31.39,313
Specialty,292,86,355,Suburban,1,310,3,21,17.31,261
Specialty,420,88,826,Urban,4,765,33,25,66.44,354
Specialty,235,32,129,Suburban,2,392,5,7,40.27,234
General,295,194,380,Urban,4,833,27,5,70.49,699
Emergency,174,50,336,Urban,4,214,30,5,12.89,60
Specialty,317,133,347,Suburban,4,769,34,3,22.01,526
Specialty,180,41,467,Rural,1,358,38,6,71.77,85
Specialty,286,112,594,Urban,1,862,41,29,29.11,369
Specialty,67,190,124,Rural,2,221,22,29,87.18,303
Specialty,89,86,685,Suburban,4,398,5,23,15.27,302
Specialty,70,73,817,Urban,1,874,15,18,29.39,499
Emergency,448,157,589,Suburban,2,480,1,6,99.87,541
Emergency,274,61,593,Rural,2,660,23,2,48.98,364
Specialty,404,83,413,Suburban,4,988,16,7,73.27,595
Emergency,331,145,705,Suburban,3,940,44,0,26.44,565
General,57,40,474,Urban,4,600,0,0,64.89,404
Specialty,149,188,738,Suburban,3,396,5,13,75.35,520
General,289,171,124,Suburban,2,461,4,5,38.3,572
General,136,54,433,Suburban,1,688,44,9,84.6,195
Specialty,347,49,454,Urban,5,562,49,24,64.31,121
Emergency,477,76,215,Rural,2,537,28,27,45.02,221
General,63,66,147,Rural,1,226,11,13,60.19,176
Specialty,383,182,837,Suburban,2,296,38,3,61.91,320
General,51,38,877,Urban,4,320,46,5,24.9,52
General,424,133,198,Suburban,3,190,2,15,46.25,333
General,342,27,558,Rural,2,510,47,27,40.91,64
General,374,45,622,Urban,1,107,0,20,46.08,61
Emergency,471,132,696,Rural,4,643,26,27,78.5,463
General,90,90,504,Rural,5,567,47,0,53.43,275
General,367,49,313,Urban,4,419,23,5,94.63,221
General,365,154,784,Urban,3,493,43,8,36.43,333
Emergency,430,86,602,Suburban,4,368,18,14,47.41,232
General,160,84,820,Suburban,5,290,7,11,80.83,284
General,63,55,547,Rural,1,960,43,2,59.14,371
Emergency,280,44,993,Urban,2,774,46,10,59.23,238
Emergency,133,56,675,Urban,3,160,1,14,14.8,197
Emergency,179,20,357,Suburban,5,537,29,2,45.87,211
General,280,162,943,Rural,3,363,29,13,34.37,355
Emergency,375,56,220,Rural,4,896,48,1,99.94,364
Emergency,194,160,909,Suburban,3,194,38,28,37.75,137
General,428,155,153,Urban,5,652,44,3,89.6,423
Emergency,394,152,430,Suburban,2,569,31,25,70.86,348
General,77,147,883,Suburban,2,760,0,18,40.68,632
Specialty,115,146,340,Suburban,3,815,37,11,58.92,474
Emergency,212,20,854,Suburban,1,878,12,1,85.65,412
Specialty,278,183,629,Urban,3,613,10,16,89.5,577
General,310,54,582,Suburban,4,789,9,2,24.44,501
Emergency,498,123,286,Urban,2,293,47,9,40.56,159
General,473,42,957,Suburban,2,581,25,15,40.17,218
Specialty,489,28,755,Rural,2,998,19,21,13.78,379
General,213,53,361,Urban,1,435,16,8,63.84,224
Emergency,350,193,463,Rural,1,534,16,10,86.93,559
Emergency,456,147,590,Suburban,5,295,3,20,44.34,432
Specialty,352,23,530,Suburban,3,954,4,14,76.6,526
General,336,177,338,Suburban,3,348,22,2,66.49,464
Emergency,444,121,403,Urban,4,597,45,15,43.81,313
Specialty,59,94,397,Rural,2,311,9,29,22.7,225
Emergency,244,118,175,Urban,1,764,45,20,73.84,328
Emergency,167,91,799,Urban,4,769,27,20,86.91,438
General,319,22,432,Suburban,4,565,32,20,71.73,149
Emergency,129,161,999,Rural,1,973,42,27,11.61,540
General,142,192,857,Suburban,3,750,25,11,29.46,619
Emergency,315,53,741,Urban,2,320,49,22,16.25,0
Specialty,381,64,573,Suburban,3,372,47,4,61.33,88
Emergency,399,80,926,Rural,4,253,28,6,78.08,162
General,410,102,382,Suburban,2,348,26,8,19.95,247
General,306,142,690,Rural,5,378,17,20,85.45,363
Specialty,182,121,171,Rural,4,539,39,17,60.0,305
Emergency,325,35,362,Suburban,3,915,9,20,72.1,476
Emergency,313,85,802,Urban,3,375,41,7,97.43,128
Specialty,220,187,978,Suburban,3,613,4,11,17.53,615
Emergency,50,164,986,Urban,1,187,9,19,91.11,354
Emergency,362,138,674,Urban,4,898,49,1,21.35,487
General,113,181,991,Suburban,2,741,20,9,45.37,617
Emergency,423,143,111,Urban,3,604,23,18,86.63,461
Emergency,333,163,240,Urban,3,689,37,8,91.56,490
Specialty,170,121,865,Suburban,1,871,2,24,55.57,604
Specialty,156,85,654,Suburban,2,340,39,23,63.47,97
General,470,32,116,Suburban,4,752,30,7,73.73,359
Emergency,224,130,162,Urban,5,839,40,23,84.95,496
Emergency,253,178,352,Rural,1,774,36,23,20.94,490
Emergency,214,53,564,Urban,4,335,1,23,82.91,260
General,354,58,475,Rural,5,227,1,0,53.31,284
General,169,155,903,Suburban,3,602,38,5,50.56,435
Specialty,93,139,619,Rural,3,299,48,11,48.15,166
General,361,145,936,Suburban,2,642,41,24,55.83,363
Emergency,205,74,189,Suburban,5,601,43,23,95.05,208
Emergency,416,46,819,Rural,3,749,33,18,59.34,269
General,256,137,903,Suburban,3,591,41,26,95.79,301
Emergency,439,72,895,Rural,2,120,19,16,26.23,100
Emergency,157,58,729,Suburban,4,333,32,1,75.17,144
General,300,84,960,Urban,3,813,3,10,83.1,544
General,494,164,274,Urban,1,890,44,17,71.12,527
Emergency,453,177,175,Suburban,1,742,43,22,64.62,451
Emergency,419,32,712,Suburban,4,515,10,27,60.83,228
Emergency,383,40,762,Rural,5,247,41,21,87.48,6
Specialty,179,166,499,Urban,2,128,46,10,83.95,182
Specialty,342,72,881,Rural,1,460,4,17,21.01,270
Specialty,69,38,170,Suburban,1,407,24,7,86.37,145
General,331,76,279,Suburban,4,982,48,14,47.27,372
Specialty,334,44,223,Rural,5,261,36,8,32.83,56
General,50,50,480,Suburban,5,968,33,14,88.28,426
General,168,100,392,Urban,4,951,8,6,48.88,650
Specialty,84,42,896,Rural,1,160,5,19,82.75,71
Specialty,247,51,294,Urban,2,224,17,12,33.71,91
Specialty,294,93,327,Urban,1,555,13,12,10.35,387
Emergency,108,29,530,Urban,5,170,18,0,54.59,133
Specialty,374,73,535,Rural,1,937,13,19,19.02,461
Emergency,210,71,886,Suburban,2,975,39,3,77.89,438
General,228,167,560,Urban,3,565,16,23,34.85,512
Emergency,255,179,717,Urban,1,342,34,3,49.93,359
Specialty,61,133,120,Urban,4,589,28,3,17.83,429
General,325,33,163,Suburban,3,860,41,12,35.8,275
General,230,197,264,Suburban,4,320,16,1,80.33,517
General,291,175,126,Rural,4,572,42,27,23.64,378
Emergency,265,129,410,Suburban,4,632,7,25,68.24,503
Specialty,300,72,384,Rural,1,593,0,22,92.57,384
General,348,171,759,Rural,5,998,44,14,71.19,618
General,175,98,380,Rural,3,181,35,3,82.99,148
General,266,41,937,Rural,2,955,6,26,19.81,461
Emergency,355,49,930,Rural,5,978,45,5,32.57,376
Emergency,334,23,263,Urban,1,621,4,2,90.51,385
Specialty,234,78,997,Suburban,4,111,23,6,74.36,116
Emergency,88,27,323,Urban,2,362,27,5,67.56,52
General,272,31,883,Rural,3,756,42,2,69.74,279
Specialty,233,138,245,Suburban,5,548,16,3,47.28,536
General,476,178,967,Urban,5,291,36,9,14.01,353
General,227,53,129,Urban,2,861,19,29,80.6,387
Emergency,456,101,144,Rural,1,213,2,20,71.08,291
Specialty,477,117,886,Urban,3,125,36,8,52.55,103
Emergency,343,146,570,Urban,2,882,25,29,90.98,543
Emergency,389,94,133,Urban,4,598,14,5,40.25,481
Specialty,200,124,752,Urban,3,607,47,28,36.49,306
General,433,68,526,Urban,5,644,7,19,88.55,408
General,175,98,929,Rural,2,161,12,26,81.73,198
Specialty,350,112,985,Rural,5,328,47,10,56.35,189
General,357,173,320,Urban,5,914,2,6,21.77,854
Specialty,385,37,967,Rural,5,706,0,17,29.36,441
Specialty,483,115,633,Rural,1,134,8,3,69.06,264
Emergency,283,57,791,Suburban,5,804,30,4,44.65,448
Specialty,429,106,466,Urban,4,555,40,3,85.28,309
Emergency,424,107,940,Rural,4,687,25,3,95.5,501
General,57,69,842,Rural,3,990,16,26,82.51,546
General,390,27,649,Urban,5,601,33,12,43.98,230
General,178,188,681,Suburban,5,860,8,15,80.98,769
General,313,153,215,Urban,2,694,12,24,41.63,545
Emergency,206,88,338,Suburban,1,124,4,13,25.04,163
General,401,191,434,Urban,3,668,40,10,13.01,506
Specialty,407,140,540,Urban,5,131,12,28,44.71,263
Specialty,54,83,247,Urban,2,930,0,1,91.32,619
Specialty,135,176,108,Urban,1,111,24,21,31.51,228
Emergency,224,175,387,Suburban,3,418,46,13,28.59,358
General,339,158,487,Suburban,3,944,3,23,97.28,730
General,242,140,149,Rural,5,703,35,23,12.25,458
General,360,84,949,Urban,3,100,9,26,80.72,136
Emergency,168,126,616,Suburban,2,534,27,6,38.92,379
Specialty,267,166,954,Suburban,3,937,5,25,13.37,727
Specialty,476,156,737,Suburban,4,235,26,10,92.6,312
General,463,174,686,Urban,2,295,11,3,22.57,410
Specialty,163,181,776,Rural,1,232,47,6,59.66,253
Specialty,194,191,377,Suburban,1,185,2,28,34.66,388
Emergency,75,119,935,Urban,5,575,45,15,15.87,325
Emergency,185,101,399,Suburban,5,906,32,25,14.49,477
Emergency,352,162,901,Suburban,4,890,9,5,20.4,745
Emergency,281,70,688,Rural,1,423,30,26,16.42,137
General,418,160,909,Suburban,1,279,14,5,78.45,388
Emergency,125,102,748,Suburban,1,615,6,1,53.7,518
Specialty,377,196,717,Urban,1,737,35,23,40.86,527
General,394,131,706,Urban,3,274,13,7,47.65,348
Specialty,351,75,234,Rural,2,862,47,29,93.61,253
Specialty,338,198,679,Urban,2,120,13,26,91.97,332
Specialty,50,184,246,Urban,4,204,2,6,74.41,511
Emergency,196,164,589,Rural,3,677,48,26,89.62,387
Emergency,336,176,577,Suburban,1,542,45,24,38.77,314
General,191,180,258,Rural,1,874,49,23,44.3,473
General,102,79,483,Urban,5,148,2,13,65.23,218
Emergency,353,139,262,Rural,5,627,21,8,66.13,532
Specialty,118,157,540,Suburban,4,244,18,14,53.35,361
General,410,194,952,Rural,1,439,34,24,46.06,306
Emergency,139,42,288,Urban,4,861,11,21,98.76,434
Emergency,495,168,514,Urban,3,954,4,17,83.9,774
Emergency,269,32,438,Rural,2,453,9,11,49.15,213
Specialty,499,120,706,Suburban,1,174,40,22,75.46,63
Emergency,241,180,280,Rural,3,901,32,18,34.26,653
Emergency,112,43,387,Suburban,1,893,12,12,19.02,454
Emergency,122,127,933,Suburban,5,677,34,6,41.72,444
Emergency,210,30,286,Rural,4,736,31,24,46.27,237
General,218,36,983,Suburban,5,418,10,9,11.49,249
General,138,194,237,Urban,2,186,47,29,83.33,184
Emergency,225,44,229,Rural,5,652,37,9,42.33,223
Specialty,318,113,293,Suburban,1,797,23,1,62.24,503
General,122,40,415,Urban,5,965,34,13,16.66,424
Emergency,294,103,884,Rural,1,991,18,12,25.75,584
General,126,159,963,Urban,2,946,5,21,90.07,706
General,208,56,243,Urban,5,877,39,28,64.78,305
Specialty,373,61,115,Urban,4,882,44,5,95.53,382
Emergency,147,164,401,Suburban,4,141,43,8,99.89,189
Emergency,430,120,522,Rural,4,192,41,12,43.47,145
Specialty,151,67,344,Rural,5,796,34,8,36.89,375
Specialty,181,122,206,Suburban,5,826,3,12,87.25,633
Emergency,151,47,187,Rural,5,606,32,4,99.88,279
Emergency,68,60,228,Urban,1,628,12,13,66.67,343
Specialty,131,118,986,Rural,2,364,35,4,81.56,264
General,446,66,440,Suburban,4,725,42,8,80.36,318
General,328,165,103,Urban,1,391,18,7,41.98,417
Specialty,388,124,426,Suburban,4,563,42,6,61.68,348
General,414,143,509,Urban,1,903,11,7,84.98,663
Specialty,380,32,978,Urban,5,659,10,21,71.93,343
General,178,160,405,Rural,4,918,5,2,11.9,792
General,393,119,706,Urban,5,196,11,22,40.3,252
Emergency,359,50,820,Suburban,4,986,26,23,23.0,419
Emergency,138,149,324,Rural,3,194,40,14,30.97,188
General,262,35,447,Suburban,1,425,24,7,91.49,174
General,192,156,420,Urban,3,173,41,0,13.32,241
Emergency,114,92,658,Suburban,1,435,2,6,29.78,364
Emergency,125,185,280,Suburban,2,167,2,18,37.86,392
Emergency,248,73,717,Urban,4,857,19,1,65.52,502
Specialty,192,119,810,Rural,2,176,27,13,58.07,160
General,454,128,485,Suburban,2,307,22,17,29.64,232
Emergency,452,106,717,Urban,1,983,47,29,24.78,407
General,365,192,891,Rural,3,865,2,14,31.31,785
Specialty,142,181,871,Rural,5,320,41,13,55.23,337
Specialty,466,156,207,Rural,1,361,23,23,34.41,312
Emergency,354,27,630,Suburban,5,509,42,24,95.28,76
Specialty,273,26,509,Suburban,2,430,39,18,51.75,24
General,340,55,395,Suburban,5,443,5,29,15.29,268
Emergency,477,37,917,Rural,3,870,19,18,75.63,372
General,151,22,270,Suburban,1,919,10,21,39.6,400
General,316,47,430,Urban,3,173,31,26,68.81,6
Specialty,404,89,592,Suburban,3,736,26,25,35.16,381
Specialty,159,191,294,Suburban,1,799,20,16,61.37,649
Specialty,379,168,111,Rural,3,353,43,21,79.49,238
Specialty,499,47,294,Suburban,4,932,47,27,93.52,295
Specialty,479,73,589,Urban,4,919,49,18,33.5,359
Emergency,314,84,894,Rural,4,846,12,26,40.14,498
General,52,119,980,Urban,5,861,21,15,51.78,572
General,134,40,281,Rural,3,431,34,19,93.45,95
General,331,32,916,Rural,1,497,46,24,91.12,33
General,377,76,755,Suburban,1,444,21,18,18.09,252
Specialty,353,68,997,Urban,5,683,27,0,21.87,399
General,499,137,415,Rural,1,846,20,18,54.6,533
Emergency,461,73,793,Suburban,4,935,45,6,19.6,392
Emergency,166,157,129,Rural,3,767,17,28,41.1,573
General,270,72,695,Rural,1,554,30,22,23.35,195
General,203,63,777,Rural,1,214,45,10,67.24,0
Emergency,202,66,895,Rural,2,412,36,4,95.45,159
Emergency,61,72,892,Rural,2,327,20,29,99.71,119
Specialty,182,93,195,Rural,2,933,13,16,43.77,576
Emergency,353,65,480,Suburban,3,957,24,10,63.91,502
Specialty,342,32,877,Rural,4,344,26,23,87.06,49
Specialty,349,184,543,Urban,4,917,39,25,20.57,606
Specialty,277,121,397,Suburban,4,625,22,7,72.06,470
Specialty,320,43,907,Urban,3,627,30,9,46.8,269
Specialty,92,21,836,Rural,3,526,46,11,28.55,75
General,481,100,944,Urban,2,141,28,9,46.25,152
Emergency,392,119,460,Rural,1,564,46,12,16.84,261
Specialty,375,161,473,Rural,5,721,29,25,72.59,507
Emergency,351,157,653,Suburban,5,377,25,17,32.75,357
Emergency,413,182,402,Suburban,1,935,19,9,38.03,700
Specialty,428,172,520,Rural,2,118,37,18,20.9,163
General,476,150,345,Suburban,1,165,18,19,87.82,249
Specialty,70,130,819,Urban,1,266,26,16,54.41,219
General,456,121,336,Suburban,5,684,24,19,61.49,463
Emergency,156,36,633,Suburban,2,502,39,15,61.25,78
General,385,31,284,Urban,3,921,37,4,46.94,338
General,352,135,567,Suburban,5,508,22,2,27.33,440
General,166,43,853,Rural,3,211,28,29,77.06,37
Emergency,173,48,462,Urban,2,373,14,26,21.44,151
Emergency,448,190,382,Rural,1,506,2,14,19.35,589
General,330,172,652,Urban,4,472,9,25,73.91,498
General,341,141,435,Rural,4,696,14,1,28.8,628
Specialty,252,109,261,Rural,2,750,15,12,37.61,469
General,100,84,259,Suburban,4,138,16,21,52.77,132
Specialty,320,103,573,Rural,3,204,18,7,50.44,194
General,373,138,700,Suburban,4,423,10,22,73.77,363
Specialty,326,175,421,Urban,2,892,47,26,66.11,488
Emergency,190,35,111,Rural,2,513,4,29,68.0,247
General,324,194,523,Rural,3,528,4,16,74.26,598
General,339,123,172,Urban,4,734,13,3,36.34,586
General,383,111,687,Urban,4,829,49,18,39.01,379
General,430,46,957,Rural,1,988,25,21,49.42,405
Specialty,422,189,300,Urban,5,160,7,24,37.67,426
General,101,194,621,Suburban,2,711,4,8,98.64,707
Emergency,76,181,963,Urban,1,406,6,22,83.26,486
Emergency,206,184,604,Urban,2,453,15,14,24.82,461
General,288,153,837,Rural,1,492,13,27,10.5,417
Emergency,205,154,787,Suburban,5,303,36,8,13.85,300
General,340,172,887,Urban,1,357,40,23,31.97,239
General,185,52,138,Suburban,2,585,3,20,20.29,349
Emergency,193,74,159,Suburban,4,616,35,8,58.0,282
General,155,26,677,Suburban,2,545,47,13,87.22,105
Emergency,469,76,420,Rural,3,808,16,22,76.31,391
Specialty,207,145,534,Urban,3,279,46,20,29.4,174
General,195,31,735,Rural,3,441,35,15,45.94,93
Specialty,51,35,775,Urban,3,232,5,23,55.71,116
Emergency,482,62,507,Urban,5,542,15,22,82.92,293
Specialty,126,136,485,Rural,4,935,28,24,85.52,568
Specialty,181,154,770,Suburban,4,352,35,25,91.87,295
Emergency,139,130,668,Suburban,2,364,37,16,55.83,195
Specialty,394,70,177,Urban,1,192,36,12,72.48,13
Specialty,399,179,293,Rural,2,761,47,8,20.06,478
Emergency,312,94,384,Suburban,2,510,47,14,60.88,164
Specialty,400,27,626,Suburban,2,237,9,6,32.38,136
Emergency,157,64,623,Urban,2,307,40,0,48.85,113
Specialty,123,78,712,Urban,4,736,35,0,67.06,410
Emergency,88,151,255,Rural,1,845,28,4,33.13,594
Emergency,446,123,439,Urban,2,672,13,23,14.7,481
Specialty,208,176,224,Suburban,4,406,3,8,10.92,527
Specialty,120,176,970,Suburban,2,365,43,11,11.99,336
Specialty,496,117,379,Suburban,3,745,41,5,10.75,412
General,361,175,721,Suburban,2,417,35,27,19.93,343
General,290,98,945,Rural,2,212,49,12,31.55,13
General,475,143,968,Rural,5,477,44,25,29.91,274
Emergency,494,191,757,Urban,3,553,12,27,98.81,566
Specialty,347,23,827,Urban,1,290,45,7,37.54,0
Emergency,489,109,773,Urban,2,990,17,14,21.47,590
General,85,123,227,Rural,1,539,32,5,59.1,376
Specialty,133,156,413,Suburban,3,286,20,26,87.22,283
Emergency,423,138,431,Urban,2,930,15,5,71.03,670
Specialty,312,152,249,Suburban,5,466,14,3,36.65,520
Emergency,359,75,553,Urban,4,188,4,10,60.55,275
Specialty,434,115,135,Urban,5,286,5,20,74.34,328
General,221,197,784,Urban,5,918,37,29,75.53,625
General,425,94,519,Urban,4,231,2,17,69.99,273
Specialty,222,162,121,Urban,4,971,47,2,88.37,613
Emergency,411,51,305,Suburban,4,734,11,2,88.31,459
General,96,47,738,Urban,2,659,35,29,62.1,203
General,428,41,947,Suburban,1,899,32,11,48.69,363
General,190,36,455,Rural,1,475,35,26,67.74,56
Specialty,424,78,539,Urban,4,790,32,20,83.64,387
Specialty,455,109,828,Suburban,5,791,30,29,10.51,428
Emergency,167,125,195,Rural,3,198,20,20,99.28,233
Emergency,326,45,263,Rural,4,941,26,5,26.46,471
Emergency,263,44,247,Rural,5,133,26,20,52.32,47
Specialty,269,157,629,Suburban,5,681,7,27,88.48,581
Specialty,442,64,393,Urban,2,270,36,5,30.25,77
Emergency,75,102,294,Urban,2,465,31,7,52.91,289
Emergency,58,30,762,Suburban,1,883,25,14,21.93,368
Specialty,320,123,579,Urban,1,158,1,17,45.56,280
Emergency,59,87,976,Suburban,3,280,11,19,25.94,256
General,427,114,222,Urban,3,118,21,28,42.73,141
Specialty,170,175,499,Rural,3,325,16,15,43.61,413
Emergency,174,84,798,Urban,3,572,6,5,99.39,450
Specialty,219,68,551,Suburban,5,194,42,27,99.53,0
General,121,194,760,Suburban,5,980,3,20,20.33,857
Specialty,201,71,203,Rural,1,396,36,16,75.34,100
Specialty,257,121,854,Suburban,2,692,37,8,14.66,397
Specialty,98,76,561,Urban,2,274,31,18,12.72,119
Specialty,203,66,842,Urban,4,321,10,17,19.48,246
General,396,178,817,Rural,5,714,0,24,96.89,703
Specialty,342,193,809,Suburban,3,153,24,22,94.68,312
Specialty,117,45,495,Rural,3,794,41,4,27.45,303
Emergency,99,133,436,Urban,4,962,23,27,24.55,565
Specialty,201,24,698,Rural,2,502,42,5,31.65,89
Emergency,68,103,241,Suburban,3,417,16,11,56.4,335
General,149,71,416,Rural,2,966,7,10,61.27,557
General,109,124,810,Suburban,4,448,44,15,29.94,211
General,216,73,657,Suburban,2,542,26,19,78.1,272
General,251,180,899,Urban,2,932,17,16,37.86,714
Emergency,394,197,626,Urban,2,679,26,19,92.99,570
Specialty,195,185,655,Urban,3,639,21,8,69.11,601
General,452,174,500,Suburban,1,885,15,0,49.27,705
Specialty,213,34,780,Rural,5,381,1,25,81.09,220
Emergency,488,80,409,Suburban,2,459,4,2,83.61,413
Emergency,291,141,594,Urban,2,922,17,20,36.14,608
Emergency,118,40,655,Urban,2,730,2,22,40.57,383
General,224,65,709,Rural,1,991,26,8,94.24,468
Specialty,98,153,872,Urban,4,745,16,21,24.83,560
Specialty,157,57,208,Urban,3,740,15,18,13.79,407
Specialty,275,81,894,Urban,1,107,5,12,50.86,114
Emergency,210,105,471,Rural,2,662,6,22,82.11,455
General,168,97,954,Suburban,1,590,49,13,79.45,219
Emergency,198,65,715,Urban,1,440,13,19,92.76,271
Emergency,199,160,867,Rural,1,571,37,18,57.99,353
Specialty,481,22,990,Urban,4,892,39,29,19.01,221
Emergency,342,25,305,Rural,5,786,14,22,62.98,339
Specialty,192,112,946,Urban,3,794,46,26,80.06,357
General,468,27,142,Rural,4,803,46,26,18.4,190
Specialty,209,191,964,Urban,4,348,47,6,25.54,314
General,60,127,344,Suburban,5,334,32,3,11.11,303
Specialty,187,180,386,Urban,4,182,42,11,63.43,279
Emergency,127,94,454,Rural,1,192,26,22,89.81,103
Emergency,126,96,884,Urban,1,984,28,26,70.36,479
General,490,69,575,Suburban,2,493,36,13,98.38,189
General,303,30,182,Urban,4,923,4,1,15.67,546
General,458,114,209,Rural,2,367,28,0,91.27,266
Specialty,307,175,289,Rural,3,516,31,27,83.27,397
Specialty,369,89,899,Suburban,1,731,5,17,38.28,473
General,340,188,350,Rural,3,682,1,19,97.62,675
Emergency,312,35,823,Urban,5,628,5,7,35.91,401
Specialty,134,87,390,Urban,1,352,45,2,90.04,116
Specialty,195,118,744,Urban,3,221,42,25,89.27,84
Specialty,372,67,300,Rural,5,991,3,5,78.19,624
General,91,83,896,Urban,3,109,28,21,60.71,55
General,423,109,425,Urban,5,898,24,12,20.8,579
General,174,95,610,Urban,5,415,8,8,57.88,376
General,216,158,508,Suburban,1,937,2,8,42.11,776
General,474,120,706,Rural,2,372,25,19,81.3,261
Emergency,290,108,889,Rural,5,405,47,8,78.23,158
Emergency,329,37,936,Rural,5,904,42,14,91.96,322
General,237,38,607,Suburban,1,309,26,12,11.33,70
Specialty,351,74,830,Rural,2,829,35,21,82.82,346
General,68,121,700,Suburban,4,852,31,15,94.46,513
Emergency,117,137,171,Suburban,4,985,0,1,81.04,789
Emergency,267,173,346,Rural,2,563,15,25,21.72,526
Specialty,151,153,740,Urban,3,811,47,13,17.32,466
Emergency,91,23,823,Urban,1,827,10,26,11.88,337
General,337,127,954,Rural,2,816,25,5,66.59,556
Specialty,216,134,707,Rural,4,515,39,1,66.67,367
General,158,48,686,Suburban,5,315,0,7,98.82,333
General,85,78,665,Rural,4,179,25,3,45.82,147
Specialty,281,144,443,Suburban,5,878,27,20,39.87,589
General,278,117,153,Rural,1,579,8,23,66.2,409
Emergency,402,36,829,Urban,5,990,43,13,84.3,380
General,213,126,627,Urban,2,646,21,10,94.31,466
Specialty,436,62,710,Rural,5,900,7,23,82.28,513
Specialty,122,99,631,Suburban,3,117,48,27,48.4,0
Specialty,185,181,657,Urban,2,264,41,13,67.14,243
General,402,27,292,Suburban,1,624,26,11,87.07,221
Specialty,428,160,994,Rural,2,301,38,15,54.15,227
Specialty,119,125,157,Rural,3,840,18,5,29.5,621
General,474,27,536,Urban,1,445,24,19,25.28,84
Emergency,245,115,210,Rural,4,465,37,0,10.01,313
General,318,113,228,Urban,3,547,20,11,74.64,378
Specialty,98,84,948,Suburban,1,612,23,6,20.0,351
Specialty,365,190,805,Urban,5,418,23,7,31.95,503
General,179,58,951,Urban,2,316,18,8,36.81,188
Emergency,493,100,425,Suburban,1,133,49,1,60.43,0
Specialty,54,103,107,Urban,2,970,46,16,45.82,417
Specialty,477,107,128,Urban,5,365,1,19,70.72,403
Specialty,76,105,211,Rural,1,739,13,12,15.01,501
General,209,112,772,Suburban,4,823,31,4,21.15,458
Specialty,198,105,230,Urban,3,874,41,9,54.93,452
Emergency,313,63,287,Suburban,1,923,31,11,40.33,388
Specialty,279,156,774,Suburban,5,179,27,16,36.62,256
Specialty,249,184,808,Urban,1,776,47,20,16.03,466
Emergency,99,93,574,Rural,2,512,38,5,90.61,288
Specialty,116,55,463,Suburban,1,351,39,2,72.26,73
General,349,120,303,Urban,4,111,41,27,20.95,21
General,430,175,311,Suburban,1,500,46,14,15.85,347
General,107,189,720,Rural,3,915,39,6,97.74,651
Emergency,308,190,375,Rural,1,823,12,29,71.31,678
Specialty,391,189,172,Rural,2,381,11,5,47.57,511
General,375,123,778,Urban,1,211,7,3,73.16,341
Emergency,179,85,871,Urban,4,822,14,18,78.07,497
Specialty,264,74,342,Rural,5,477,25,4,80.2,310
Emergency,221,195,886,Urban,1,850,11,2,53.01,796
General,307,110,201,Rural,1,367,42,25,48.69,125
General,151,41,784,Urban,3,397,45,24,10.99,34
General,258,120,270,Rural,4,416,26,8,93.39,321
Emergency,340,174,752,Suburban,5,669,17,5,64.3,637
Emergency,403,140,287,Rural,2,608,44,12,28.28,319
General,335,112,540,Rural,1,645,35,26,92.76,293
Emergency,165,127,185,Urban,5,874,48,21,92.34,416
General,313,160,575,Urban,2,464,26,27,99.03,385
General,199,192,151,Urban,4,646,8,29,88.67,654
Specialty,349,29,210,Urban,4,370,38,19,99.8,28
Emergency,491,28,976,Urban,5,573,0,3,32.02,368
General,85,174,953,Urban,2,838,6,1,85.8,727
General,382,53,142,Suburban,4,636,25,25,84.07,269
Emergency,336,148,310,Rural,5,333,6,3,30.78,461
Specialty,352,179,299,Rural,4,158,6,7,18.86,415
Specialty,360,108,909,Rural,4,350,7,12,98.15,392
General,257,112,957,Suburban,4,946,15,9,36.64,629
Emergency,155,90,851,Rural,3,185,2,17,88.38,253
Specialty,495,86,726,Suburban,2,862,44,8,10.37,380
Emergency,207,167,125,Suburban,5,489,9,29,11.89,469
Emergency,170,136,398,Suburban,5,279,49,0,51.93,179
General,104,113,176,Rural,2,818,6,12,31.48,598
Specialty,449,182,236,Suburban,2,955,20,17,72.09,744
General,61,118,119,Rural,2,248,36,14,60.9,164
Specialty,194,132,539,Rural,2,682,30,1,16.97,484
Specialty,449,122,310,Urban,1,220,22,10,24.64,205
Specialty,445,110,851,Urban,5,864,26,28,44.92,508
Specialty,185,109,650,Suburban,1,704,21,13,26.7,456
Specialty,52,36,534,Suburban,4,355,38,21,81.3,22
Emergency,193,37,879,Rural,4,865,26,14,47.45,385
General,79,192,306,Suburban,5,963,48,13,18.41,601
Emergency,286,135,538,Suburban,4,899,3,15,53.59,713
Specialty,328,112,878,Rural,2,408,23,22,18.18,255
General,397,110,765,Suburban,1,158,22,28,21.6,90
Specialty,164,101,141,Suburban,2,168,47,14,31.56,37
General,153,87,510,Rural,4,545,18,18,87.36,307
Emergency,167,133,622,Rural,1,487,41,26,93.22,243
General,54,20,905,Urban,2,185,2,8,84.36,95
General,409,77,709,Rural,5,885,26,4,40.07,477
General,297,173,526,Urban,2,326,2,4,34.52,508
General,413,128,374,Suburban,4,692,27,10,59.42,473
General,370,167,547,Rural,1,725,16,27,74.97,574
Specialty,170,135,983,Rural,5,283,30,19,99.4,228
General,335,106,841,Rural,1,891,9,24,21.84,578
General,198,29,468,Suburban,5,421,48,23,14.44,0
Emergency,133,78,319,Urban,1,417,21,27,72.49,206
General,455,60,676,Suburban,4,665,29,3,84.9,360
Emergency,280,124,966,Suburban,5,498,48,19,86.17,256
Specialty,337,152,331,Rural,3,808,20,17,71.06,571
General,210,141,427,Urban,1,998,35,24,95.86,513
Emergency,321,164,542,Suburban,1,392,22,2,55.99,378
Emergency,87,41,151,Rural,2,392,37,3,92.24,141
Specialty,275,117,985,Suburban,5,584,11,13,97.1,476
General,191,188,475,Suburban,3,998,24,6,86.24,744
General,341,87,362,Rural,4,546,19,25,37.88,294
Emergency,200,158,366,Rural,2,902,48,7,27.66,529
General,163,75,458,Urban,3,791,48,23,59.33,258
Emergency,286,198,416,Suburban,5,991,41,15,50.77,653
General,115,168,423,Rural,3,511,6,19,89.0,551
Emergency,410,118,765,Rural,1,607,28,14,19.0,374
General,390,95,969,Urban,1,833,47,6,33.2,400
Specialty,307,45,977,Urban,2,885,28,25,77.66,360
General,298,134,751,Rural,5,989,12,16,18.55,642
General,498,166,662,Urban,5,343,2,21,38.87,508
Specialty,380,128,728,Rural,3,519,1,21,44.84,501
General,372,66,520,Suburban,2,253,15,21,66.03,125
Specialty,229,90,145,Urban,5,915,29,11,24.23,500
General,239,173,920,Suburban,1,523,37,17,87.45,389
Emergency,456,59,699,Suburban,3,372,5,23,50.28,219
Emergency,203,152,819,Suburban,4,746,44,13,92.53,453
General,245,168,988,Rural,1,924,6,14,52.11,756
General,360,151,368,Suburban,2,619,4,14,34.75,579
General,311,42,700,Suburban,5,227,6,4,22.76,192
Emergency,468,125,480,Suburban,1,472,33,15,10.34,306
General,455,103,217,Rural,4,667,31,4,57.89,418
Emergency,476,162,665,Suburban,4,737,48,1,19.64,494
Specialty,192,135,215,Suburban,2,258,12,19,45.26,291
Emergency,391,128,729,Urban,1,670,29,27,63.03,374
Emergency,365,155,359,Rural,3,669,24,24,34.81,467
Specialty,150,60,174,Suburban,1,751,20,8,25.77,342
Emergency,293,131,579,Urban,4,275,20,21,79.72,270
General,61,166,404,Rural,2,719,27,26,95.21,496
General,288,131,106,Rural,2,310,47,8,19.04,180
Emergency,98,122,465,Rural,3,546,19,3,24.0,467
General,91,65,733,Rural,2,685,33,14,96.4,272
Emergency,215,175,622,Rural,2,266,4,10,13.4,445
General,131,87,447,Rural,2,559,17,0,97.99,403
General,478,141,537,Suburban,2,456,38,17,10.42,273
Emergency,340,34,314,Suburban,2,403,42,28,88.63,0
General,207,184,528,Suburban,4,332,10,0,37.66,515
Emergency,265,148,890,Suburban,1,426,16,7,94.47,413
General,207,130,597,Urban,5,983,47,24,38.53,509
General,183,43,639,Suburban,2,281,44,15,68.89,0
Specialty,116,46,846,Rural,5,733,21,25,17.2,344
Specialty,385,59,466,Suburban,5,433,36,27,31.81,84
Emergency,56,183,412,Suburban,4,814,19,21,79.63,626
Specialty,485,43,637,Rural,2,128,47,17,57.58,0
Emergency,63,43,153,Suburban,5,813,47,21,93.52,221
Specialty,122,23,640,Suburban,2,192,47,8,48.59,0
General,448,86,566,Suburban,3,940,45,11,88.28,413
Emergency,454,53,964,Urban,3,967,5,18,50.41,526
Emergency,212,196,263,Suburban,3,787,33,24,98.13,594
General,115,135,881,Rural,5,429,13,17,96.39,436
Emergency,396,42,433,Rural,3,822,47,26,39.62,187
Emergency,179,128,646,Suburban,4,283,22,4,89.73,365
Specialty,468,88,897,Suburban,4,194,19,26,86.29,145
Emergency,255,114,447,Suburban,5,884,12,1,28.96,665
General,325,81,372,Rural,2,748,46,6,66.19,317
Specialty,305,188,819,Rural,1,848,43,26,16.54,526
Specialty,315,76,849,Urban,2,452,40,9,85.3,158
General,74,73,513,Urban,2,364,31,14,25.71,193
General,499,89,599,Urban,2,746,25,24,16.37,368
Specialty,330,120,192,Rural,2,755,49,6,46.02,393
Emergency,302,76,784,Urban,1,118,13,27,61.92,65
Specialty,359,157,178,Suburban,3,842,35,4,86.94,564
General,338,187,721,Suburban,2,745,7,14,97.68,727
Specialty,213,154,316,Rural,4,725,39,19,49.55,456
General,144,122,457,Urban,5,598,21,27,15.44,406
Specialty,319,185,717,Suburban,5,238,21,19,77.42,382
Emergency,370,104,606,Rural,4,736,15,14,60.87,551
Specialty,159,80,658,Urban,2,815,26,9,50.31,473
Specialty,385,22,280,Suburban,1,672,9,23,37.83,301
General,359,147,675,Urban,3,861,24,25,55.22,616
General,287,198,345,Rural,5,909,30,28,40.48,647
General,430,105,343,Urban,3,624,20,25,78.13,390
Specialty,485,66,605,Rural,1,354,26,13,58.95,151
Emergency,436,95,521,Urban,5,184,16,25,88.92,141
General,474,57,419,Suburban,3,557,32,25,58.92,196
General,439,183,186,Rural,1,631,30,9,31.44,504
Specialty,74,188,316,Rural,3,661,49,16,86.6,474
General,190,160,589,Rural,2,775,41,20,60.15,454
Emergency,166,106,618,Urban,1,191,25,13,28.62,144
Emergency,441,77,377,Urban,3,699,20,1,66.12,461
General,454,69,948,Suburban,2,168,35,15,42.19,20
General,74,49,821,Rural,2,136,0,12,86.0,173
Specialty,128,120,268,Rural,1,864,3,26,50.8,597
Emergency,117,44,429,Urban,4,863,3,8,75.38,529
Emergency,222,131,749,Urban,5,239,25,6,18.6,283
General,493,174,540,Suburban,1,966,3,15,45.64,791
Specialty,61,198,490,Suburban,2,992,48,9,98.49,642
Emergency,337,145,595,Urban,2,779,8,23,82.76,574
Emergency,177,142,480,Rural,1,665,29,21,24.39,416
Specialty,145,66,405,Suburban,4,997,44,8,35.0,452
Specialty,141,137,841,Urban,5,277,3,21,39.68,395
Emergency,190,58,919,Urban,3,908,4,22,68.53,529
Emergency,80,35,772,Rural,1,912,44,6,78.13,298
Specialty,383,41,612,Urban,5,970,22,15,77.46,423
Emergency,69,73,847,Urban,5,717,15,8,55.89,431
General,195,168,287,Suburban,2,236,21,26,82.97,285
General,365,35,615,Urban,3,289,36,23,49.34,0
Specialty,496,78,743,Urban,1,739,7,28,21.15,406
Specialty,439,50,526,Suburban,2,441,47,16,60.8,46
Specialty,209,189,601,Rural,2,658,32,19,95.71,499
General,398,51,829,Rural,4,104,37,6,81.37,19
Emergency,92,181,359,Suburban,5,356,42,10,62.08,348
General,303,28,612,Suburban,1,911,15,7,68.21,444
Emergency,179,158,170,Rural,1,761,4,6,93.75,671
General,109,29,577,Rural,1,905,15,27,48.55,392
Emergency,200,36,277,Rural,2,342,6,18,39.83,199
General,336,87,556,Rural,4,886,0,19,97.95,588
Specialty,54,67,288,Rural,3,819,8,11,87.71,539
General,467,199,390,Suburban,2,514,17,6,39.07,562
Emergency,315,130,619,Urban,3,726,44,7,51.74,416
General,394,172,864,Rural,4,806,46,6,47.36,546
General,179,142,391,Rural,5,442,2,5,23.42,539
General,431,168,855,Urban,1,781,23,24,96.2,565
Specialty,316,120,734,Urban,3,478,27,8,46.39,334
General,227,121,910,Urban,2,693,9,26,88.78,499
Specialty,302,84,382,Urban,3,765,8,12,27.04,516
Specialty,464,70,643,Urban,5,752,12,6,59.31,488
General,105,55,945,Urban,1,925,47,7,12.16,322
General,132,100,476,Suburban,3,245,34,21,78.78,103
General,442,146,757,Urban,5,422,22,16,62.28,404
Emergency,148,107,255,Urban,2,221,46,16,66.3,53
General,198,123,607,Suburban,4,351,16,15,14.65,341
Specialty,378,34,512,Urban,2,954,45,21,28.99,274
General,205,115,627,Rural,1,998,6,1,16.69,679
Emergency,239,186,454,Rural,2,410,15,29,36.0,416
General,420,142,658,Urban,2,700,39,7,66.47,446
Emergency,312,20,862,Suburban,2,574,35,16,60.96,113
Emergency,129,170,286,Rural,2,669,19,12,65.09,552
General,449,141,130,Suburban,1,591,23,17,59.43,406
Specialty,301,186,359,Rural,5,674,46,23,34.57,445
Emergency,146,145,520,Urban,3,446,4,27,32.01,474
General,309,76,628,Suburban,4,919,44,21,22.34,346
General,309,100,650,Suburban,3,586,5,27,86.42,446
Specialty,152,181,403,Suburban,3,572,27,9,65.48,509
Emergency,89,188,138,Rural,4,481,4,1,26.79,620
Emergency,322,92,588,Rural,1,379,48,1,25.95,148
General,150,160,743,Rural,4,171,38,26,88.57,178
General,408,89,641,Urban,1,620,37,13,76.85,270
Specialty,429,25,769,Rural,3,465,1,15,69.35,266
Specialty,357,103,377,Urban,1,193,42,6,46.62,85
Emergency,270,71,302,Suburban,5,472,38,20,33.58,173
Emergency,357,22,165,Suburban,4,438,20,20,98.15,161
General,469,100,207,Urban,5,536,39,23,81.75,225
Emergency,173,82,367,Rural,3,435,36,11,37.16,180
Specialty,471,68,321,Urban,4,763,17,27,86.28,375
Specialty,280,95,903,Suburban,3,591,47,22,78.3,193
General,227,131,629,Suburban,5,967,45,27,36.74,491
Specialty,112,194,189,Urban,3,139,11,13,48.39,403
Specialty,165,128,792,Rural,4,458,16,24,26.74,333
Specialty,240,84,354,Rural,4,673,36,3,19.99,346
Specialty,111,100,554,Urban,3,353,45,25,75.05,100
General,305,34,352,Urban,4,680,37,3,34.08,248
General,56,119,356,Rural,4,497,14,17,83.81,379
Emergency,204,51,482,Suburban,3,856,6,2,99.6,517
Specialty,141,115,541,Urban,5,976,13,0,16.9,684
Emergency,63,147,957,Rural,4,269,49,16,52.57,168
General,278,165,698,Rural,4,789,0,6,82.19,712
General,135,132,189,Suburban,4,800,37,29,81.01,425
General,182,102,848,Suburban,4,610,2,15,78.4,479
General,232,62,489,Suburban,3,359,36,29,41.41,61
General,435,135,681,Suburban,5,683,43,4,50.85,440
General,111,182,143,Suburban,5,558,30,18,63.55,488
General,268,97,811,Urban,1,628,42,6,97.65,305
Specialty,454,77,763,Rural,4,981,12,13,39.48,578
Emergency,295,52,697,Urban,4,440,47,1,93.08,138
General,279,33,118,Urban,1,156,17,2,34.24,85
Specialty,128,181,200,Urban,5,317,16,16,99.02,447
Specialty,198,151,706,Urban,2,718,16,15,70.32,555
Emergency,187,78,865,Urban,2,915,10,7,51.72,570
General,363,176,456,Suburban,5,784,19,17,65.21,654
Emergency,425,102,641,Suburban,4,830,9,14,34.53,592
General,472,153,860,Rural,2,563,28,6,34.68,465
Specialty,438,140,132,Urban,3,346,47,26,20.22,186
Specialty,114,196,328,Rural,3,829,33,8,20.26,648
Specialty,62,187,623,Suburban,1,472,16,5,41.29,531
Specialty,262,102,729,Suburban,5,516,41,17,78.66,262
Emergency,291,46,961,Suburban,5,130,12,17,64.72,71
General,262,99,254,Urban,2,467,43,24,19.23,185
General,230,153,522,Urban,4,658,46,25,86.7,336
Emergency,387,32,345,Suburban,5,745,38,23,64.12,241
General,222,83,504,Rural,2,207,26,13,96.48,125
Specialty,209,166,943,Rural,2,683,25,13,70.32,523
General,213,99,858,Suburban,5,938,27,13,25.77,550
Specialty,237,142,640,Rural,2,517,12,24,52.64,438
Emergency,444,62,260,Suburban,1,719,11,3,68.36,403
General,240,108,846,Rural,1,920,43,3,12.54,490
Emergency,454,167,801,Suburban,5,497,27,14,11.34,456
General,357,114,216,Rural,4,371,1,14,21.65,452
Specialty,305,191,370,Urban,1,782,36,17,32.65,567
Emergency,232,170,869,Suburban,1,215,33,13,48.66,254
General,166,21,791,Suburban,5,940,22,25,53.87,363
Specialty,331,139,586,Rural,3,685,44,0,22.42,428
Emergency,245,41,984,Suburban,2,355,28,9,70.61,115
Emergency,83,134,271,Suburban,1,180,34,28,63.65,143
General,101,76,373,Suburban,3,879,10,19,36.5,539
General,161,91,358,Urban,4,227,47,9,11.23,82
General,301,26,234,Urban,3,937,32,9,16.99,398
Specialty,131,138,782,Rural,5,334,10,26,45.25,324
General,281,133,821,Urban,4,652,8,23,23.86,532
Emergency,276,35,847,Rural,4,280,13,1,43.91,207
Emergency,282,102,521,Urban,3,256,8,28,66.54,248
General,270,198,520,Rural,5,553,38,27,59.25,424
General,485,91,285,Urban,1,670,47,26,30.81,241
Emergency,462,143,463,Urban,3,956,2,7,40.94,778
Specialty,471,132,706,Rural,1,860,28,0,65.26,570
General,91,31,477,Suburban,3,803,18,0,87.48,405
General,70,145,622,Suburban,1,123,35,3,77.79,217
Emergency,91,72,679,Urban,3,572,31,6,59.81,295
General,446,94,990,Rural,4,499,6,8,42.61,418
Specialty,162,152,821,Suburban,2,691,27,15,42.85,473
Emergency,154,46,295,Rural,4,233,43,4,89.15,36
General,241,159,980,Suburban,1,520,17,1,13.53,519
Emergency,66,164,197,Rural,5,312,4,27,98.92,434
General,169,153,704,Urban,4,999,22,22,69.79,658
General,442,116,121,Rural,2,581,21,10,71.3,434
General,474,24,549,Suburban,1,447,25,17,13.42,87
Specialty,178,76,271,Urban,4,265,41,24,64.5,86
Specialty,179,175,482,Rural,3,447,11,24,53.63,461
Emergency,109,97,233,Suburban,5,948,39,18,19.52,443
General,97,88,525,Urban,1,497,18,12,35.01,285
General,78,137,124,Rural,4,682,46,23,90.13,333
Specialty,146,139,602,Suburban,1,825,0,10,59.5,665
General,59,78,284,Rural,3,534,2,19,47.21,376
Specialty,291,52,184,Rural,2,676,26,18,16.54,298
General,363,81,666,Urban,4,320,17,16,74.27,246
Emergency,493,69,862,Urban,1,407,49,4,73.26,90
General,281,131,243,Suburban,1,897,29,12,65.26,601
General,326,38,962,Urban,1,796,1,29,55.92,387
Specialty,333,142,778,Suburban,2,818,4,26,49.04,612
General,252,66,511,Rural,1,565,28,19,63.39,201
General,296,186,323,Rural,5,198,32,0,31.01,359
Specialty,339,52,319,Suburban,5,341,41,9,94.71,98
Emergency,313,160,278,Rural,1,257,19,7,62.99,318
Emergency,492,103,730,Urban,5,709,29,23,38.01,386
Specialty,263,154,532,Rural,4,653,41,28,50.47,392
Specialty,249,98,364,Urban,5,750,4,7,82.51,569
Specialty,482,33,528,Suburban,1,894,49,18,24.55,209
Specialty,128,166,761,Suburban,3,326,20,5,36.36,425
Specialty,450,147,515,Rural,4,522,14,11,71.16,466
Emergency,493,73,552,Rural,2,171,19,27,38.39,53
Emergency,392,167,826,Urban,1,342,7,6,81.33,465
Specialty,393,48,296,Urban,2,629,48,15,21.74,162
General,222,43,653,Rural,3,688,30,8,78.64,292
Specialty,118,101,152,Rural,2,144,11,20,16.15,174
General,465,82,579,Suburban,1,571,20,24,11.13,281
Specialty,477,124,542,Suburban,1,470,29,21,90.84,305
Specialty,498,76,429,Suburban,3,954,26,9,62.32,519
Emergency,136,155,350,Rural,1,751,43,9,41.66,454
General,150,81,906,Rural,3,788,25,9,30.93,428
General,57,176,989,Rural,3,833,32,19,65.52,582
Emergency,382,36,882,Suburban,1,191,25,28,55.81,0
Emergency,249,85,222,Rural,5,121,25,15,99.24,107
Emergency,136,25,978,Urban,3,271,35,0,98.49,30
Emergency,92,77,486,Rural,1,703,39,16,67.15,270
General,434,88,438,Rural,5,291,0,29,49.86,275
General,158,175,877,Rural,3,176,14,25,54.2,333
Specialty,484,81,447,Rural,5,380,49,20,71.42,113
Specialty,457,188,128,Rural,4,463,0,28,19.14,555
Emergency,201,101,134,Urban,4,278,10,13,39.55,275
Emergency,66,188,617,Urban,5,337,1,18,16.77,549
Emergency,182,196,495,Rural,3,234,0,20,16.6,482
Specialty,197,196,722,Suburban,1,976,30,20,27.63,672
Specialty,326,90,393,Rural,2,379,43,16,53.67,154
Specialty,281,150,688,Rural,1,118,15,13,80.63,243
Specialty,363,29,448,Rural,2,694,21,7,53.69,259
Specialty,464,117,246,Suburban,2,839,41,20,40.19,394
Specialty,415,108,166,Suburban,3,470,17,20,17.41,368
Specialty,277,54,619,Suburban,5,876,46,8,59.53,335
Emergency,188,21,221,Urban,1,211,16,7,34.41,46
Emergency,485,143,439,Suburban,5,862,29,12,65.34,586
Emergency,448,43,274,Urban,4,775,9,16,97.95,440
Emergency,260,93,999,Urban,3,969,34,18,20.02,474
Specialty,440,185,790,Suburban,3,779,20,27,29.09,620
General,77,41,696,Suburban,4,320,15,6,52.58,185
Specialty,100,173,550,Suburban,1,403,5,16,97.18,496
General,491,190,656,Urban,4,802,2,0,79.46,814
Emergency,310,58,235,Rural,1,424,40,4,90.84,118
Specialty,310,176,954,Suburban,2,536,42,24,40.03,363
Emergency,399,39,115,Suburban,3,537,20,5,99.28,250
Specialty,401,60,432,Suburban,1,269,12,25,19.25,101
Emergency,57,167,294,Urban,5,474,17,1,14.77,532
General,369,127,595,Urban,5,656,23,26,87.0,413
General,187,166,108,Rural,3,480,26,24,93.45,411
General,87,103,927,Suburban,4,113,3,15,18.15,241
Specialty,160,130,433,Urban,4,842,21,21,20.21,581
General,417,85,432,Rural,1,768,23,4,12.99,430
Specialty,269,177,426,Suburban,4,599,39,4,19.41,486
General,386,72,114,Urban,3,745,44,11,28.85,264
General,272,53,938,Suburban,1,490,9,2,97.31,287
Specialty,185,169,713,Suburban,2,648,1,29,70.11,556
Specialty,305,86,325,Urban,4,664,39,15,80.07,325
General,409,153,524,Urban,4,629,5,5,79.85,611
Specialty,458,46,889,Urban,1,591,47,14,58.16,147
General,378,29,507,Suburban,5,649,17,14,81.77,251
Specialty,499,92,212,Suburban,4,798,16,28,63.62,489
Emergency,483,115,527,Rural,3,484,37,15,38.31,270
Emergency,98,67,100,Suburban,4,295,44,19,60.5,51
Emergency,341,89,365,Urban,2,854,22,12,58.02,457
Emergency,431,119,590,Suburban,4,399,45,11,84.11,230
Emergency,373,78,307,Rural,5,914,29,9,98.36,483
General,127,21,721,Rural,4,646,20,13,46.99,242
Emergency,154,176,811,Urban,1,826,9,1,78.71,702
Emergency,218,84,468,Urban,4,830,42,28,18.98,304
Emergency,266,102,405,Rural,5,927,12,2,79.91,659
Emergency,427,173,111,Rural,1,701,11,8,43.43,614
Specialty,168,29,444,Rural,3,407,8,10,13.55,188
General,239,72,564,Urban,1,351,3,10,42.69,291
Emergency,304,98,799,Rural,2,107,38,24,64.96,0
Emergency,419,78,765,Rural,1,867,23,21,20.73,448
Emergency,315,169,593,Urban,3,974,33,9,93.16,702
General,198,198,467,Suburban,4,307,38,25,16.99,298
Specialty,213,67,945,Suburban,1,230,40,13,93.7,41
General,189,168,519,Rural,1,835,4,8,73.64,726
Specialty,396,142,988,Suburban,1,808,14,19,39.67,560
Emergency,307,41,890,Suburban,1,753,49,26,45.17,136
Emergency,423,119,270,Suburban,3,863,3,20,76.67,637
General,318,117,233,Suburban,5,707,38,9,64.13,419
General,230,177,526,Rural,5,125,7,21,70.45,316
Specialty,209,44,124,Suburban,1,722,48,28,45.02,176
Specialty,400,47,629,Suburban,3,553,44,8,53.9,165
General,449,132,289,Urban,3,734,23,28,99.09,460
Specialty,337,64,240,Rural,1,285,27,4,29.25,119
General,337,87,654,Urban,2,583,42,7,47.61,250
Specialty,429,26,945,Urban,1,779,26,10,36.26,316
General,275,68,895,Rural,2,150,0,0,78.86,236
General,60,156,757,Suburban,1,990,33,20,78.76,599
General,59,183,414,Urban,2,104,16,9,36.32,306
Specialty,320,102,543,Rural,2,688,36,0,17.33,381
Specialty,322,148,418,Suburban,1,259,37,25,11.03,176
Specialty,473,157,540,Rural,2,307,25,29,48.47,289
General,451,183,191,Urban,4,356,23,21,46.93,397
Specialty,232,92,278,Suburban,5,304,38,6,98.96,196
Specialty,202,65,155,Suburban,3,866,20,27,52.28,389
General,364,125,254,Rural,2,110,29,13,33.08,142
Emergency,383,179,771,Suburban,2,107,46,4,90.21,187
General,173,51,210,Urban,3,508,47,16,54.2,72
Specialty,163,25,236,Urban,2,131,12,21,63.93,11
General,327,195,331,Urban,3,639,36,25,18.61,472
Emergency,463,185,567,Rural,1,817,2,20,44.46,746
General,262,164,831,Suburban,4,486,31,5,94.98,432
Specialty,221,93,580,Suburban,4,327,34,15,63.06,181
Emergency,337,133,167,Suburban,5,739,18,10,41.01,540
Specialty,484,46,913,Urban,2,866,13,9,66.31,457
Emergency,223,73,348,Suburban,5,574,47,14,91.94,197
Emergency,162,197,422,Urban,1,823,21,6,34.66,676
General,425,182,617,Suburban,4,850,16,22,55.46,739
General,454,104,891,Urban,1,306,3,1,96.28,345
Specialty,171,146,531,Suburban,1,417,44,11,25.52,253
General,81,172,586,Rural,2,894,39,18,74.77,580
General,271,175,705,Rural,1,856,18,11,65.3,649
Emergency,168,130,528,Urban,4,656,36,15,71.17,411
General,88,34,368,Urban,5,716,1,5,41.61,466
Emergency,317,151,808,Suburban,4,447,14,2,38.25,494
Emergency,282,112,636,Suburban,2,892,1,1,71.58,727
Emergency,480,142,247,Rural,4,333,10,19,29.4,367
Specialty,67,92,217,Suburban,3,800,44,4,47.77,412
Specialty,198,174,949,Urban,5,143,22,10,26.94,338
Specialty,446,173,466,Urban,3,836,9,25,10.75,692
Emergency,198,166,949,Urban,3,241,2,24,97.31,407
Specialty,175,111,165,Urban,2,747,4,2,48.85,627
Specialty,441,36,912,Urban,1,275,2,2,97.24,197
General,351,62,469,Rural,3,753,37,21,22.63,292
Specialty,409,140,274,Rural,4,548,12,4,62.86,548
Specialty,287,60,930,Urban,1,691,41,21,28.09,196
Emergency,184,189,687,Suburban,4,181,18,22,81.11,372
Emergency,200,197,594,Urban,4,234,39,10,80.53,325
Emergency,285,187,213,Rural,1,818,49,2,20.13,517
Emergency,273,58,210,Urban,1,955,34,12,92.09,368
Emergency,252,132,860,Rural,4,276,23,20,27.52,265
Emergency,305,170,538,Rural,2,482,23,7,65.17,484
Specialty,135,130,814,Urban,5,342,16,19,98.71,302
Emergency,199,199,246,Urban,5,666,39,9,89.42,563
Emergency,284,66,134,Suburban,2,240,9,1,96.09,241
General,394,82,408,Rural,1,556,1,3,40.83,412
Specialty,71,129,637,Suburban,4,539,43,17,19.5,288
Specialty,397,88,849,Urban,5,155,22,18,26.95,150
Specialty,334,62,113,Rural,4,626,5,3,55.04,459
Emergency,318,195,473,Suburban,2,796,1,19,81.39,778
Emergency,307,53,656,Suburban,4,925,20,25,23.51,421
Emergency,78,59,527,Suburban,2,518,34,8,69.38,186
General,262,80,827,Urban,1,187,48,15,39.12,11
Emergency,485,197,332,Urban,2,708,28,25,40.71,537
General,332,81,804,Urban,2,755,6,5,69.57,524
Specialty,99,77,662,Rural,5,107,28,24,52.03,89
Emergency,144,180,986,Urban,4,576,36,3,83.08,514
General,456,94,825,Rural,5,314,22,8,24.03,276
General,137,35,762,Suburban,3,784,32,26,81.1,279
Emergency,93,101,539,Suburban,2,834,7,12,15.78,578
Specialty,327,113,601,Urban,3,651,11,8,27.46,518
Specialty,220,67,374,Suburban,5,596,45,5,69.05,235
Specialty,470,157,949,Urban,4,793,47,20,86.94,478
General,238,101,175,Rural,5,602,9,18,32.74,462
General,402,57,538,Suburban,4,881,14,13,39.45,455
General,233,146,831,Urban,4,798,23,20,58.34,560
General,52,38,959,Suburban,1,344,25,14,29.04,47
Specialty,240,183,798,Suburban,2,577,46,2,83.0,452
Emergency,167,82,388,Urban,5,408,41,4,79.63,196
General,68,96,639,Suburban,4,330,38,20,23.08,185
General,72,193,990,Suburban,5,482,2,17,51.74,625
Specialty,462,150,791,Suburban,5,254,1,13,79.73,451
Emergency,79,121,352,Suburban,4,274,5,15,40.36,328
Emergency,344,84,225,Rural,3,947,20,13,66.98,546
Specialty,157,139,276,Suburban,2,214,8,8,14.52,328
Specialty,416,110,136,Suburban,2,489,9,14,64.78,419
Emergency,330,27,509,Urban,1,410,35,6,23.74,53
General,177,198,710,Rural,1,399,2,13,84.75,558
Emergency,278,92,709,Urban,1,117,40,5,41.99,14
Specialty,160,153,226,Urban,2,883,23,20,35.34,595
General,185,126,582,Urban,3,111,21,14,85.68,230
General,411,108,267,Rural,2,503,48,19,14.51,204
Specialty,235,58,691,Urban,2,912,13,7,45.69,505
Specialty,193,132,393,Urban,2,803,41,1,43.3,428
Specialty,121,47,944,Urban,2,331,44,7,35.63,27
Emergency,178,116,737,Suburban,3,704,43,0,92.06,408
Emergency,413,56,442,Urban,1,829,26,25,77.58,321
General,310,156,409,Rural,5,377,32,16,15.75,371
Specialty,52,101,761,Rural,1,452,21,18,74.32,280
General,498,75,627,Suburban,1,402,28,4,57.46,230
General,437,104,639,Rural,5,640,18,29,91.08,405
General,153,21,518,Rural,2,569,18,21,38.17,187
General,273,77,543,Suburban,3,912,5,19,61.67,548
Specialty,369,126,784,Urban,3,176,44,15,55.07,84
General,411,142,657,Suburban,1,620,18,6,54.06,517
Specialty,403,187,939,Urban,5,123,12,6,51.05,398
Specialty,59,183,335,Urban,4,114,25,17,28.51,297
Emergency,454,133,538,Rural,2,775,21,17,78.01,506
Specialty,433,126,313,Suburban,1,624,20,1,50.62,449
Emergency,351,56,184,Rural,3,446,35,14,96.27,159
Specialty,280,98,893,Rural,5,271,1,13,33.47,322
Specialty,268,111,843,Urban,5,968,46,17,71.45,466
Specialty,460,37,184,Rural,1,426,43,28,94.66,0
Emergency,115,117,588,Suburban,4,811,29,8,69.71,500
Emergency,474,82,164,Rural,3,584,26,13,88.41,317
General,161,169,745,Rural,1,588,6,4,84.47,594
Emergency,62,158,762,Urban,4,561,19,10,42.41,527
Emergency,442,23,726,Suburban,5,477,49,7,64.01,71
Emergency,469,154,163,Rural,2,687,30,4,24.06,571
Emergency,135,80,442,Urban,3,263,22,28,58.2,135
General,283,126,974,Rural,3,471,12,10,30.74,392
Emergency,139,73,451,Suburban,4,672,16,4,76.94,425
Specialty,363,107,257,Rural,1,523,3,16,57.53,419
Specialty,103,87,688,Rural,5,856,13,21,47.01,511
Emergency,61,148,590,Urban,4,576,19,3,34.19,521
Emergency,258,74,757,Rural,2,481,12,14,99.88,293
Specialty,63,22,954,Urban,2,254,2,18,16.45,133
Specialty,170,185,562,Suburban,2,356,25,21,13.92,341
General,467,140,324,Rural,4,855,25,1,29.55,642
Specialty,486,148,412,Suburban,5,773,17,23,97.4,546
Specialty,426,121,714,Suburban,3,167,31,16,98.13,147
Emergency,69,57,958,Rural,1,443,13,11,68.94,232
Specialty,124,104,912,Urban,3,376,46,24,89.21,130
General,449,176,565,Suburban,5,772,2,23,29.26,705
Specialty,292,152,187,Suburban,3,490,0,16,97.48,536
Emergency,272,111,982,Rural,4,548,25,9,22.85,406
Emergency,119,40,402,Rural,2,358,23,27,19.1,98
Specialty,361,128,779,Rural,5,406,48,24,20.1,197
Emergency,260,66,534,Rural,5,946,34,17,61.58,443
General,150,103,781,Rural,3,194,13,18,80.29,253
General,235,102,234,Rural,4,563,2,17,43.0,480
Specialty,181,54,149,Urban,3,345,12,12,98.01,208
Specialty,160,88,531,Suburban,3,832,46,13,49.1,378
Specialty,430,148,439,Urban,5,734,49,23,23.54,406
Emergency,181,159,446,Urban,3,286,13,15,51.94,361
General,69,46,745,Rural,2,873,20,17,71.11,393
General,443,75,446,Suburban,3,884,25,25,84.9,392
Emergency,73,42,748,Urban,2,472,2,17,51.29,233
General,276,172,344,Rural,5,671,39,15,63.42,470
Specialty,203,40,208,Rural,4,505,3,16,34.06,311
Specialty,342,80,924,Suburban,2,507,35,6,68.13,243
Specialty,279,82,898,Urban,4,224,42,11,98.74,44
General,359,141,632,Urban,4,436,0,1,14.41,489
Specialty,408,71,189,Urban,2,440,39,9,89.79,189
Emergency,454,107,395,Rural,5,662,46,4,60.61,354
Emergency,251,172,211,Suburban,1,277,32,20,32.69,303
General,87,74,912,Suburban,4,750,6,2,95.94,556
Emergency,479,65,688,Urban,4,938,10,18,53.5,549
Emergency,309,51,276,Rural,5,269,26,12,39.85,121
General,237,74,442,Urban,5,138,13,11,26.33,161
Specialty,106,115,759,Suburban,3,168,21,2,32.0,247
Specialty,478,152,200,Rural,5,335,15,5,84.96,428
Specialty,69,55,857,Urban,4,659,45,13,65.3,203
General,322,129,728,Urban,2,480,11,3,92.19,412
Emergency,168,196,703,Rural,1,156,48,12,30.88,202
Specialty,120,125,500,Suburban,3,376,45,18,20.9,210
Specialty,53,77,127,Rural,2,949,9,17,10.55,577
General,270,58,636,Urban,1,198,23,28,55.71,27
Specialty,63,99,157,Urban,1,626,45,2,99.85,272
General,52,116,597,Urban,1,424,17,19,72.55,330
Emergency,265,132,396,Urban,2,560,21,5,37.76,443
General,278,80,233,Suburban,3,278,8,15,88.92,236
General,385,156,430,Suburban,3,943,16,19,80.36,647
General,235,25,348,Urban,1,673,37,23,11.39,184
General,104,128,649,Suburban,2,218,39,2,83.52,198
Emergency,437,54,174,Suburban,1,568,12,11,37.05,325
Emergency,425,58,753,Suburban,5,648,49,18,23.47,173
Specialty,303,169,933,Urban,3,745,36,18,30.37,508
Emergency,73,188,267,Rural,4,554,5,23,52.17,597
Emergency,211,137,870,Rural,1,125,20,3,48.24,253
Specialty,207,24,602,Rural,5,589,35,0,36.0,244
Emergency,131,189,984,Urban,3,107,6,1,25.5,399
General,452,106,454,Suburban,2,615,35,12,78.6,307
General,208,95,324,Suburban,3,632,24,29,99.11,341
Specialty,237,177,763,Urban,2,248,10,25,80.0,362
Specialty,109,76,630,Urban,2,587,43,28,36.63,182
Specialty,452,146,245,Rural,1,124,13,12,32.03,255
General,354,48,340,Rural,1,754,44,29,29.59,151
Emergency,368,184,983,Urban,3,856,28,1,22.3,647
General,415,106,992,Rural,5,654,9,29,59.62,466
Specialty,260,160,443,Suburban,3,524,49,18,64.49,323
Emergency,455,179,848,Urban,4,392,47,21,73.5,315
Emergency,201,65,134,Urban,2,284,4,23,71.22,209
General,158,135,801,Suburban,2,653,7,15,36.31,461
Specialty,125,131,100,Suburban,1,530,45,11,39.73,289
General,79,170,252,Suburban,5,703,4,0,71.34,692
Emergency,363,64,528,Rural,1,416,23,8,41.45,169
General,166,164,607,Urban,4,497,39,16,29.14,333
General,464,123,225,Rural,3,423,25,9,43.69,293
Specialty,405,104,590,Suburban,3,664,5,17,34.49,499
Specialty,241,153,581,Rural,5,695,15,18,17.95,559
Emergency,68,127,444,Suburban,1,645,35,6,84.71,363
General,481,37,837,Rural,1,175,11,24,86.78,44
General,222,113,320,Rural,4,964,10,18,29.78,621
General,277,169,822,Suburban,3,808,2,23,15.83,712
Emergency,399,52,124,Rural,1,585,43,14,76.49,178
Emergency,232,177,627,Urban,5,897,36,8,29.04,644
Specialty,162,145,281,Rural,3,187,5,9,45.41,389
Specialty,232,179,598,Rural,4,846,18,22,15.77,692
Specialty,195,189,940,Urban,5,331,17,19,30.36,453
General,368,141,740,Suburban,2,106,15,19,81.36,257
General,165,157,141,Urban,4,903,22,3,82.4,674
Specialty,162,134,580,Rural,5,649,42,5,28.64,378
General,300,183,947,Suburban,1,151,36,3,40.23,231
Specialty,300,181,847,Rural,2,754,8,4,22.08,693
Emergency,352,47,971,Rural,4,495,2,8,16.68,358
Specialty,362,30,538,Urban,1,320,7,11,99.3,138
Emergency,167,186,501,Urban,2,527,37,22,69.0,390
General,350,66,645,Suburban,3,851,3,7,58.79,526
Specialty,210,146,444,Suburban,1,242,11,20,78.89,294
General,450,166,992,Suburban,5,960,43,4,85.61,661
Emergency,247,137,144,Rural,4,462,30,28,82.6,318
Emergency,309,162,745,Urban,2,481,24,10,11.49,422
Emergency,197,145,120,Urban,1,660,15,22,26.81,513
General,289,175,733,Urban,3,376,41,10,68.94,333
General,96,171,169,Suburban,4,370,13,12,43.82,468
General,448,91,963,Urban,4,113,12,13,98.42,202
General,247,126,972,Urban,1,397,40,27,69.89,172
Emergency,96,156,147,Urban,3,563,6,7,96.09,590
Emergency,127,194,590,Suburban,2,626,11,24,28.13,610
Specialty,173,52,650,Urban,1,333,36,29,87.76,10
Specialty,124,38,386,Suburban,2,674,49,17,38.92,109
General,408,93,109,Urban,4,807,3,18,99.06,560
Emergency,186,187,641,Urban,2,126,1,11,24.19,441
Emergency,139,194,855,Urban,3,570,34,11,56.47,516
Emergency,449,176,373,Suburban,5,192,43,17,81.36,266
Specialty,374,197,699,Suburban,3,716,2,9,48.94,735
Specialty,110,117,855,Urban,2,408,3,6,52.13,440
Emergency,187,160,480,Rural,1,151,37,27,98.77,119
Emergency,99,148,428,Suburban,4,418,11,17,48.28,443
Emergency,308,181,578,Suburban,5,280,18,11,64.37,451
Specialty,156,112,114,Urban,1,668,9,13,14.91,502
Emergency,162,195,615,Rural,1,219,0,14,85.8,469
Emergency,399,67,290,Urban,3,919,16,15,68.34,493
General,303,196,267,Suburban,2,974,15,1,46.36,801
General,167,83,620,Suburban,3,142,8,29,11.46,135
Specialty,247,80,720,Urban,2,746,8,29,63.25,399
Emergency,386,176,236,Urban,3,984,8,17,11.14,776
Emergency,414,58,253,Rural,1,359,11,11,10.11,181
General,100,147,487,Rural,4,296,40,15,65.45,210
Specialty,294,107,308,Suburban,2,744,14,12,27.01,517
General,452,45,371,Rural,5,354,1,19,27.27,269
General,475,36,242,Rural,5,831,10,16,68.79,433
General,84,90,710,Suburban,1,435,10,17,14.83,307
General,351,32,988,Suburban,3,652,7,2,38.21,382
Emergency,459,88,919,Suburban,3,601,31,22,23.45,294
Emergency,118,45,168,Suburban,1,999,5,9,62.22,554
General,398,68,346,Urban,5,354,19,0,69.56,241
Specialty,369,26,360,Suburban,5,613,38,5,74.9,154
Specialty,470,77,887,Suburban,3,806,34,2,32.97,390
Specialty,98,68,178,Suburban,2,341,7,18,18.03,234
Specialty,454,122,757,Rural,4,248,49,3,17.08,173
General,123,72,722,Suburban,2,809,48,28,48.35,249
Emergency,241,81,869,Urban,5,398,42,19,95.13,154
Specialty,310,36,704,Urban,2,856,33,22,29.6,271
General,405,190,624,Suburban,4,949,18,2,33.11,797
Specialty,119,44,871,Urban,2,719,6,7,19.08,417
Specialty,139,150,720,Rural,2,552,30,7,64.5,409
General,309,48,429,Suburban,2,492,17,26,71.19,177
Emergency,175,136,288,Urban,2,311,39,28,67.86,163
Emergency,280,179,194,Urban,1,767,13,6,87.5,681
General,344,45,716,Suburban,5,637,38,1,53.78,247
Emergency,468,143,107,Urban,4,693,35,20,22.1,433
General,178,163,166,Suburban,5,694,16,5,36.05,655
General,329,44,595,Urban,1,230,36,27,69.62,0
General,362,73,290,Rural,1,428,43,15,65.18,110
Emergency,149,175,465,Urban,1,711,8,9,57.79,646
General,375,92,867,Urban,1,355,19,3,71.47,263
Specialty,346,139,620,Suburban,2,578,44,12,67.37,364
Emergency,231,75,216,Urban,5,660,27,9,89.32,374
Emergency,223,84,366,Suburban,3,162,49,20,62.74,0
Emergency,365,112,710,Rural,4,410,19,13,80.07,365
Emergency,413,105,584,Suburban,1,506,40,8,32.38,254
Specialty,237,99,608,Suburban,5,901,35,10,71.04,486
Emergency,106,188,397,Urban,1,204,26,22,91.2,318
Emergency,80,127,263,Rural,1,716,7,17,44.72,520
General,133,198,475,Suburban,1,936,31,10,80.12,723
Emergency,201,137,752,Urban,1,114,0,16,75.23,294
Specialty,85,176,367,Urban,1,786,16,1,15.36,692
Specialty,262,102,648,Suburban,4,358,8,2,62.34,438
Specialty,463,166,173,Urban,5,822,19,10,21.72,671
Specialty,457,188,607,Suburban,1,511,44,17,97.06,368
Emergency,413,192,172,Suburban,1,358,31,26,83.03,318
Emergency,155,34,407,Suburban,1,713,1,2,19.88,421
Specialty,463,150,298,Rural,1,359,31,25,20.96,238
Specialty,391,158,229,Suburban,2,955,44,14,63.5,547
Emergency,269,193,857,Urban,2,770,8,10,41.04,778
Specialty,440,49,923,Rural,3,144,29,10,13.14,27
General,212,76,671,Urban,1,912,19,27,58.75,430
Specialty,488,165,890,Rural,3,862,37,29,44.91,514
Specialty,269,198,714,Rural,4,430,0,27,19.1,561
General,319,147,907,Rural,3,264,4,24,82.17,384
General,169,67,931,Rural,5,292,34,19,92.36,101
Emergency,443,155,586,Urban,2,620,35,27,78.09,416
Emergency,385,41,952,Suburban,2,500,0,24,84.02,273
General,449,25,250,Urban,1,473,13,10,29.48,196
General,231,123,768,Suburban,1,164,8,18,33.72,226
Emergency,155,55,305,Urban,4,486,29,27,28.77,159
Specialty,266,98,278,Rural,4,594,23,0,78.86,383
General,254,135,296,Rural,5,893,3,26,95.31,630
Emergency,119,76,834,Suburban,1,792,49,4,74.52,313
Specialty,93,68,188,Suburban,1,514,13,9,89.33,276
General,378,192,898,Urban,4,893,24,9,67.48,731
Specialty,350,101,533,Suburban,4,890,3,13,44.89,622
Emergency,277,85,887,Urban,4,129,24,1,48.32,170
General,233,96,847,Suburban,2,365,9,3,16.78,306
Specialty,156,64,282,Suburban,3,427,34,1,12.83,210
General,133,98,308,Suburban,3,591,6,17,72.59,447
Specialty,387,39,592,Rural,1,316,41,12,49.46,12
Emergency,299,142,229,Rural,2,419,12,18,59.7,421
Emergency,412,86,764,Urban,4,498,3,4,60.19,435
General,490,102,112,Suburban,1,990,49,19,34.96,358
Specialty,70,22,733,Urban,2,204,42,1,52.83,0
General,245,83,970,Suburban,5,795,35,10,52.37,414
General,227,59,831,Rural,2,429,13,29,44.96,195
Specialty,466,78,205,Rural,1,759,17,29,83.86,356
Specialty,56,81,474,Suburban,3,716,7,25,50.6,432
Specialty,119,151,681,Suburban,4,146,31,17,64.33,238
Emergency,176,79,806,Rural,5,698,26,29,90.6,321
General,448,135,797,Rural,2,920,41,5,87.96,495
General,209,94,198,Urban,1,740,36,22,90.14,292
Emergency,297,141,693,Rural,1,869,22,27,34.3,534
Specialty,252,126,686,Suburban,4,413,6,9,13.15,474
Emergency,197,115,985,Urban,1,246,11,21,33.5,289
Emergency,192,110,951,Suburban,1,561,24,22,35.08,337
Emergency,481,177,291,Urban,4,683,2,16,91.84,657
General,248,149,424,Suburban,5,585,25,21,68.43,434
Emergency,454,81,825,Rural,3,751,3,10,17.35,540
General,475,68,926,Suburban,3,509,41,18,22.18,188
General,203,156,566,Urban,2,126,35,16,24.01,159
General,425,111,993,Suburban,5,128,14,23,66.74,225
Specialty,433,178,466,Urban,2,370,31,3,76.19,392
General,191,143,417,Suburban,3,785,28,25,87.37,507
General,362,80,243,Rural,4,600,9,23,94.66,408
Specialty,214,67,483,Rural,1,352,20,25,28.15,115
General,363,172,315,Suburban,3,484,15,13,37.88,511
Emergency,70,183,460,Suburban,5,159,46,26,31.63,216
Emergency,131,155,423,Suburban,3,206,18,19,42.29,284
General,118,77,114,Urban,5,319,28,3,92.32,193
Specialty,180,120,316,Suburban,5,540,17,27,61.76,403
Emergency,136,131,591,Suburban,5,870,43,13,76.44,495
Specialty,267,192,646,Urban,2,982,15,25,54.11,738
Specialty,470,81,282,Rural,4,757,0,3,12.6,571
Emergency,354,58,369,Suburban,3,663,47,5,15.78,194
Specialty,452,77,566,Suburban,4,671,1,29,58.41,445
Emergency,420,118,969,Rural,1,645,14,8,74.69,506
Specialty,394,63,711,Rural,3,195,38,20,29.38,0
Emergency,390,48,618,Urban,4,188,27,11,74.97,45
General,433,78,641,Suburban,4,927,0,28,82.96,578
Emergency,445,90,566,Suburban,1,330,4,25,47.07,316
Emergency,494,111,404,Urban,5,374,41,29,77.18,188
Emergency,474,28,243,Rural,3,345,21,7,46.36,130
Emergency,210,146,210,Urban,3,210,35,23,71.05,183
Specialty,227,153,331,Rural,1,333,45,3,78.76,272
General,166,176,790,Urban,5,377,12,26,99.27,434
Emergency,245,164,683,Rural,3,576,0,25,41.09,583
Specialty,432,163,821,Urban,3,516,15,24,46.99,444
General,376,150,831,Rural,3,777,40,24,24.91,464
General,135,40,691,Rural,5,227,21,4,28.37,120
General,338,83,599,Rural,1,336,31,5,72.41,178
General,130,109,694,Rural,3,902,15,4,92.53,604
Emergency,201,55,653,Rural,4,718,14,18,45.51,398
Emergency,110,81,372,Suburban,5,227,45,26,26.19,19
Specialty,110,189,802,Rural,2,806,41,7,35.66,618
Specialty,403,95,272,Suburban,1,950,11,8,50.95,624
Specialty,77,189,106,Rural,4,493,0,14,36.16,596
General,491,32,254,Suburban,3,574,16,3,31.02,295
General,92,30,621,Suburban,2,754,40,24,76.24,199
Emergency,218,73,645,Urban,1,494,49,8,10.71,124
General,472,35,647,Rural,5,210,27,6,58.53,96
General,135,27,617,Urban,2,189,6,7,81.44,139
General,226,123,314,Urban,2,862,8,14,33.96,613
Specialty,66,78,233,Rural,4,379,21,18,64.3,246
Specialty,147,76,384,Urban,1,432,25,14,70.2,162
Emergency,247,59,225,Rural,4,323,11,4,68.95,279
General,147,149,538,Urban,4,200,6,18,50.13,371
General,114,113,948,Rural,3,231,45,6,41.19,106
Emergency,379,157,785,Rural,5,112,46,5,85.23,180
General,390,63,251,Rural,2,556,14,26,78.26,235
General,54,158,430,Suburban,1,540,37,18,38.91,341
Specialty,51,99,637,Urban,5,197,20,24,19.27,196
Emergency,71,100,482,Suburban,5,219,13,27,16.46,213
Emergency,161,21,214,Urban,1,392,1,16,18.48,193
Emergency,106,197,993,Urban,5,915,7,9,62.46,840
Emergency,115,159,581,Urban,3,810,44,18,14.65,477
Specialty,379,134,383,Suburban,5,100,5,10,40.32,332
Specialty,147,109,998,Urban,3,671,36,14,77.79,349
General,193,42,174,Suburban,2,349,36,9,36.49,79
General,417,165,265,Rural,2,751,32,10,78.7,512
General,484,81,288,Urban,4,248,40,22,77.09,74
General,174,132,177,Urban,3,494,5,2,32.12,503
Specialty,216,147,701,Rural,2,143,25,29,75.59,172
Emergency,135,81,787,Rural,5,982,38,2,77.3,499
Specialty,125,57,120,Urban,1,797,40,17,45.77,266
General,393,185,665,Rural,1,719,36,24,28.94,467
Specialty,473,80,283,Suburban,3,143,13,10,56.91,173
Emergency,343,148,970,Suburban,4,177,36,19,92.93,198
Emergency,493,192,321,Urban,5,325,7,25,67.57,459
Specialty,108,175,926,Suburban,3,261,38,28,25.56,224
Specialty,187,168,427,Suburban,1,892,12,21,71.45,669
Specialty,148,141,278,Urban,3,352,12,17,48.45,365
General,241,129,887,Rural,5,231,39,24,63.24,152
Specialty,292,32,211,Urban,2,547,42,14,76.07,137
Specialty,368,174,835,Suburban,5,983,27,6,56.35,716
Specialty,98,119,825,Urban,2,986,17,9,83.26,592
Emergency,497,154,158,Urban,2,573,18,20,74.99,452
Emergency,81,41,426,Suburban,2,755,37,22,65.36,221
General,440,93,720,Suburban,3,877,31,29,23.57,402
General,326,151,996,Urban,1,208,21,19,85.24,259
Emergency,69,42,768,Suburban,3,805,1,28,94.23,406
Emergency,203,138,290,Suburban,1,134,12,9,22.33,242
Emergency,432,89,299,Suburban,5,566,22,12,53.94,351
Specialty,117,103,411,Suburban,4,374,24,14,33.3,257
Specialty,415,120,807,Suburban,5,286,27,22,77.91,274
Emergency,421,103,134,Suburban,3,342,10,17,74.95,337
Specialty,263,180,478,Rural,3,363,32,22,22.68,312
Specialty,192,47,486,Urban,1,621,23,3,88.93,251
General,425,155,857,Suburban,3,777,1,19,26.29,664
Emergency,281,20,336,Urban,2,640,29,16,81.75,225
Emergency,262,184,715,Rural,3,882,16,27,51.13,691
Specialty,128,82,618,Suburban,1,186,39,2,39.54,65
Emergency,263,41,382,Urban,1,634,33,20,24.24,174
General,165,89,100,Suburban,2,309,37,20,25.09,129
General,141,144,830,Suburban,1,145,21,1,69.57,266
General,319,168,563,Suburban,4,566,4,3,59.54,664
Emergency,460,115,329,Suburban,5,639,47,0,20.99,330
Emergency,430,182,271,Suburban,3,125,39,14,20.14,227
Emergency,217,98,186,Suburban,4,365,15,24,16.51,260
Emergency,107,24,652,Suburban,3,274,12,0,76.94,163
Emergency,333,79,222,Rural,4,615,25,5,74.07,370
General,75,139,942,Rural,3,410,30,6,15.26,355
Specialty,418,65,397,Suburban,2,421,38,18,60.42,136
General,496,197,984,Suburban,1,678,47,11,17.62,502
Emergency,115,195,789,Rural,1,234,22,0,91.34,446
General,458,153,674,Rural,2,154,47,6,91.64,150
Emergency,297,75,583,Rural,4,642,11,18,72.84,391
Emergency,303,129,264,Suburban,5,685,13,12,93.36,524
General,436,176,798,Urban,4,630,17,25,83.03,555
Emergency,93,123,482,Urban,1,255,26,11,84.57,237
Specialty,146,96,308,Urban,5,948,27,11,61.27,521
Emergency,91,165,838,Urban,3,767,17,21,37.55,618
Specialty,276,21,531,Suburban,5,246,15,12,29.6,101
Specialty,311,27,488,Urban,4,584,15,27,39.45,204
Emergency,216,94,659,Rural,2,698,12,13,66.56,441
General,485,144,323,Rural,3,119,28,21,25.54,155
Specialty,328,57,102,Urban,4,368,8,29,33.28,192
General,138,195,471,Rural,3,432,25,11,52.13,489
Specialty,428,46,786,Suburban,5,654,27,19,30.97,294
Emergency,227,39,545,Urban,1,500,40,11,62.98,138
Emergency,476,159,710,Urban,4,405,12,26,93.09,408
Specialty,452,62,215,Suburban,2,127,35,5,77.33,24
Emergency,246,50,369,Rural,5,566,8,26,69.98,302
Specialty,356,110,546,Suburban,4,359,46,9,62.44,182
Emergency,316,80,467,Suburban,2,633,13,19,53.92,344
General,317,128,352,Rural,4,986,11,28,26.79,627
Emergency,123,110,416,Suburban,5,200,31,23,90.52,162
General,57,182,514,Rural,4,650,37,8,32.37,490
Emergency,457,114,194,Rural,3,901,2,1,18.22,707
General,346,162,884,Suburban,5,452,15,6,77.5,493
Emergency,213,163,991,Rural,4,399,19,8,25.81,407
General,134,32,123,Suburban,1,781,31,24,43.47,186
Specialty,121,132,727,Rural,4,395,22,11,12.55,387
Specialty,104,54,762,Urban,3,452,16,4,22.34,233
General,442,168,949,Rural,2,229,15,0,25.59,394
Emergency,96,177,149,Rural,2,255,37,21,14.9,260
General,448,67,601,Suburban,2,173,7,14,69.1,137
Emergency,481,54,817,Rural,1,441,18,7,85.33,216
Specialty,287,105,597,Urban,3,564,29,0,43.6,386
Emergency,153,185,434,Urban,5,189,33,17,88.71,304
Specialty,259,178,178,Rural,2,678,13,12,29.2,604
Emergency,91,171,681,Rural,3,554,21,28,39.29,464
Emergency,365,133,126,Urban,4,847,43,0,23.57,512
Emergency,317,196,370,Suburban,1,811,16,4,65.85,696
General,435,119,661,Urban,3,431,14,17,47.79,386
General,312,179,903,Urban,3,838,49,15,65.2,521
Specialty,385,118,346,Rural,5,447,47,25,78.55,162
Specialty,436,22,875,Rural,3,332,31,9,59.11,68
General,414,104,690,Urban,5,877,12,29,66.49,537
Specialty,308,144,486,Suburban,1,697,20,3,94.17,531
General,332,157,801,Urban,1,201,48,0,36.92,184
Emergency,163,102,658,Urban,4,580,39,22,42.32,257
Specialty,412,44,460,Suburban,5,313,32,7,74.59,149
Specialty,89,87,965,Urban,5,207,26,4,65.02,155
General,466,80,587,Urban,2,264,34,1,26.07,140
Specialty,269,48,451,Rural,2,702,15,23,43.85,330
Specialty,178,146,800,Suburban,4,803,27,16,52.11,551
Emergency,57,38,355,Rural,1,434,33,6,47.75,116
Specialty,150,190,321,Rural,2,185,46,16,26.04,206
Emergency,465,93,983,Suburban,3,833,0,27,93.2,535
General,429,80,852,Suburban,1,974,40,5,78.61,425
Specialty,225,190,880,Urban,3,523,47,28,53.32,375
Emergency,156,172,100,Rural,5,712,30,21,71.21,528
General,150,39,645,Suburban,1,837,35,14,90.76,332
Specialty,309,67,545,Rural,4,463,43,4,22.26,191
General,415,106,178,Rural,5,159,32,14,32.53,86
Specialty,295,171,335,Suburban,5,581,32,17,58.84,489
General,324,158,433,Urban,3,349,38,17,81.91,278
General,81,129,988,Rural,5,659,17,24,13.26,452
Emergency,186,47,448,Suburban,2,216,22,20,98.56,78
General,61,78,197,Urban,1,838,22,20,50.94,406
Specialty,444,152,181,Rural,2,973,14,22,42.33,664
Specialty,351,70,601,Suburban,3,644,25,5,36.35,359
Emergency,424,168,576,Rural,3,143,29,1,25.69,312
Specialty,65,31,803,Suburban,1,608,24,26,81.24,180
Specialty,178,69,864,Suburban,5,264,44,16,95.99,52
Specialty,112,151,649,Rural,4,467,15,20,47.23,426
General,158,132,113,Rural,3,956,38,3,95.72,595
General,424,189,491,Suburban,1,391,47,11,84.14,317
Specialty,70,185,446,Urban,4,948,44,18,53.29,605
Emergency,207,172,409,Rural,5,955,13,1,70.66,796
General,318,33,485,Suburban,3,997,16,25,49.15,460
Emergency,211,51,308,Suburban,1,898,11,1,60.29,497
Specialty,309,158,456,Urban,1,975,28,13,15.22,655
Specialty,461,165,700,Urban,1,836,31,14,72.66,551
General,151,174,667,Urban,3,385,23,19,14.75,412
Specialty,272,74,193,Rural,4,303,12,1,83.54,280
General,108,139,192,Suburban,1,783,19,3,84.25,556
Specialty,296,94,439,Suburban,5,623,14,18,31.34,423
Specialty,177,40,696,Suburban,1,918,3,8,39.13,466
General,332,191,544,Urban,4,220,33,6,53.32,334
General,374,152,856,Suburban,3,855,27,29,63.7,507
General,74,106,121,Rural,1,763,49,12,35.86,362
Specialty,180,188,390,Urban,1,763,1,26,63.32,653
Specialty,402,78,584,Urban,5,287,46,11,36.8,138
Emergency,245,108,883,Urban,5,112,29,2,14.99,181
General,330,169,405,Urban,1,702,25,12,10.23,527
Specialty,453,102,733,Rural,1,299,46,14,19.1,107
Specialty,467,84,227,Suburban,5,685,25,13,81.3,383
General,203,83,724,Rural,4,867,19,23,96.53,447
Emergency,431,90,372,Suburban,2,555,41,8,48.43,250
General,182,23,947,Rural,2,547,27,12,56.14,182
Emergency,276,162,541,Urban,1,887,19,22,23.22,642
Specialty,238,123,602,Urban,5,939,10,21,59.59,662
Emergency,314,169,229,Rural,3,940,9,3,23.02,773
Specialty,421,194,231,Rural,3,170,22,20,65.01,360
General,483,112,696,Suburban,2,689,36,7,93.99,410
General,183,193,581,Rural,4,895,40,2,27.61,672
General,260,161,961,Rural,2,229,18,1,78.81,387
Emergency,109,197,489,Suburban,1,988,44,18,12.12,667
Specialty,477,167,692,Suburban,4,142,17,27,43.79,268
General,426,197,424,Suburban,3,619,48,22,19.97,409
General,444,131,168,Rural,5,112,26,7,41.72,205
Specialty,499,180,759,Suburban,5,824,5,16,25.62,722
General,480,138,547,Urban,1,722,9,12,43.6,577
Specialty,413,78,627,Urban,2,902,1,6,47.58,571
Specialty,413,62,918,Urban,1,634,23,8,37.05,337
Specialty,262,31,716,Rural,5,401,37,11,69.1,81
Specialty,265,59,264,Urban,3,865,27,28,92.7,388
Specialty,275,137,587,Rural,5,626,27,13,46.05,411
Emergency,180,39,812,Rural,4,741,44,13,27.31,221
General,125,185,808,Urban,5,672,49,14,34.37,443
Emergency,335,150,525,Suburban,5,214,38,2,86.86,288
General,326,175,796,Rural,4,559,1,14,61.45,656
Emergency,205,109,933,Urban,2,931,45,18,50.95,377
Specialty,297,113,364,Rural,5,604,4,23,23.47,506
General,267,32,974,Suburban,1,407,49,19,50.48,0
General,239,85,711,Suburban,5,424,10,13,35.06,349
Emergency,466,56,441,Urban,1,678,9,7,94.88,406
Emergency,212,196,931,Rural,4,860,42,4,89.57,650
General,229,85,825,Rural,5,274,1,29,17.55,282
Emergency,83,55,377,Rural,4,950,14,18,56.5,479
Emergency,90,45,773,Rural,4,613,38,3,30.26,261
Emergency,356,94,538,Urban,2,271,40,13,46.97,108
Specialty,480,127,256,Suburban,5,601,36,15,88.92,382
Specialty,387,187,521,Urban,1,433,6,19,57.48,524
Emergency,363,62,350,Rural,1,383,19,23,40.08,136
Emergency,124,169,977,Rural,5,574,33,5,28.71,463
Specialty,490,167,708,Suburban,2,153,34,22,82.03,192
Specialty,328,27,629,Rural,2,557,33,24,66.21,146
General,225,48,426,Urban,2,678,21,5,52.13,311
General,433,59,994,Urban,1,519,30,2,29.57,235
Specialty,199,177,196,Suburban,4,713,22,14,40.08,584
Emergency,322,147,612,Urban,2,731,18,28,96.39,488
Emergency,374,103,315,Urban,1,802,3,2,56.81,606
Emergency,157,135,231,Urban,1,508,23,10,46.06,404
Emergency,188,163,359,Urban,4,403,19,2,56.93,450
General,399,193,224,Rural,5,658,38,27,80.11,521
Specialty,320,81,181,Urban,5,321,27,9,40.61,218
Emergency,396,26,382,Suburban,2,632,38,17,26.08,142
General,468,64,782,Suburban,2,257,16,0,62.64,203
Emergency,338,195,158,Urban,4,447,18,15,69.87,559
Specialty,261,174,643,Suburban,2,258,47,15,74.14,232
General,430,107,260,Urban,4,988,34,26,89.38,486
Specialty,321,92,383,Suburban,1,983,31,9,43.41,503
Specialty,467,182,205,Suburban,2,334,46,0,16.78,323
General,115,198,204,Urban,1,761,45,3,96.25,565
General,473,56,538,Urban,3,504,46,2,49.15,162
General,297,138,327,Rural,4,356,45,4,66.09,294
General,205,76,799,Urban,3,776,38,11,69.97,342
General,96,27,681,Urban,2,688,34,24,59.19,141
General,472,114,417,Rural,1,696,29,11,28.47,412
General,250,136,563,Urban,2,657,16,12,77.96,495
Emergency,197,129,901,Urban,3,146,41,23,82.34,56
Specialty,173,39,698,Rural,2,312,46,11,59.77,0
General,50,143,981,Urban,5,578,28,24,53.97,405
Emergency,296,72,973,Urban,3,586,5,15,20.25,419
Emergency,392,138,571,Rural,2,670,16,12,17.56,485
Emergency,177,31,155,Rural,1,665,16,4,40.56,319
Specialty,240,196,724,Suburban,2,441,13,23,37.98,542
General,116,36,112,Urban,1,623,23,3,95.83,266
Emergency,53,83,539,Suburban,5,803,49,20,80.53,308
Specialty,491,61,117,Suburban,2,602,36,14,69.39,235
Specialty,458,113,793,Rural,5,105,39,11,56.59,110
Specialty,352,176,212,Urban,3,920,38,18,25.06,626
Emergency,343,166,328,Urban,1,243,31,20,98.06,245
General,192,30,270,Rural,3,957,35,27,43.75,326
Emergency,240,117,394,Suburban,1,360,49,18,19.62,139
Emergency,70,197,288,Rural,5,684,36,20,54.44,539
General,276,90,525,Urban,4,785,47,10,88.66,345
General,362,127,178,Rural,2,331,13,29,89.86,287
General,166,77,757,Urban,5,369,26,20,10.99,173
Specialty,486,53,281,Suburban,1,546,18,5,89.77,276
General,351,39,598,Urban,1,973,30,8,34.43,430
Emergency,191,69,897,Suburban,1,321,45,0,13.51,104
General,450,121,861,Suburban,1,151,8,11,86.3,242
Emergency,88,157,965,Urban,2,215,37,25,87.75,181
Specialty,442,179,925,Urban,3,637,16,13,63.66,606
Emergency,404,71,807,Suburban,4,664,18,5,61.7,417
Emergency,301,34,934,Rural,2,976,43,0,83.18,376
General,382,103,170,Urban,1,640,3,21,80.77,468
General,256,150,347,Suburban,2,118,47,1,90.11,145
Emergency,259,56,245,Suburban,5,914,10,23,59.75,496
General,164,145,717,Rural,1,491,21,10,97.09,386
Specialty,274,59,874,Urban,4,890,3,2,99.65,595
Specialty,183,91,395,Suburban,1,728,16,9,20.49,444
General,300,59,681,Rural,4,717,7,29,86.46,361
Specialty,268,75,569,Suburban,4,518,45,5,54.98,198
General,456,170,605,Urban,3,408,33,5,44.88,411
Emergency,492,123,292,Rural,3,838,10,19,65.18,549
Emergency,140,158,167,Suburban,2,963,30,20,15.04,586
Specialty,403,129,593,Rural,2,285,10,1,55.58,370
General,425,155,916,Urban,4,360,37,25,88.38,298
General,95,112,151,Rural,1,627,20,25,29.21,392
Specialty,87,113,981,Urban,5,372,45,23,48.38,198
Emergency,191,75,462,Suburban,5,259,29,9,94.55,161
Specialty,149,79,896,Urban,1,969,9,22,48.57,537
Emergency,377,157,573,Suburban,1,861,25,25,42.25,571
General,239,58,945,Suburban,3,323,26,5,49.65,144
Emergency,84,47,620,Urban,5,355,7,22,56.75,200
Specialty,196,68,862,Suburban,4,279,38,27,66.88,21
General,79,183,530,Rural,2,119,7,16,82.06,384
Specialty,383,144,943,Suburban,3,723,7,29,50.69,540
Specialty,133,32,397,Urban,5,731,33,13,83.57,295
Emergency,418,55,534,Rural,1,805,15,4,58.03,438
Specialty,330,120,795,Rural,5,567,40,22,40.46,329
Emergency,473,45,790,Suburban,4,722,12,16,69.22,360
General,393,105,297,Suburban,3,309,22,1,74.6,268
Emergency,319,23,227,Urban,1,612,11,8,60.22,292
General,203,101,631,Rural,4,157,26,11,15.1,148
Emergency,151,185,510,Urban,2,192,21,18,25.29,277
Specialty,264,146,939,Suburban,3,320,31,21,35.68,236
Emergency,199,107,164,Rural,4,822,48,6,35.44,384
Emergency,481,146,793,Urban,4,331,26,8,70.61,322
General,132,139,340,Urban,1,873,1,20,11.65,673
Specialty,159,41,468,Urban,2,463,44,15,78.01,75
Emergency,484,149,635,Urban,4,714,32,19,33.88,481
Specialty,436,50,483,Urban,3,661,25,10,37.9,345
Emergency,475,138,530,Rural,4,473,27,11,57.51,408
Emergency,324,30,182,Urban,5,721,18,14,29.43,354
Specialty,250,65,930,Rural,3,555,42,17,89.6,146
Emergency,333,115,796,Urban,3,187,4,18,17.68,280
Specialty,222,29,927,Suburban,4,119,32,15,49.99,0
Emergency,376,187,710,Suburban,1,113,19,14,86.45,295
General,255,147,673,Urban,3,232,29,4,65.43,317
Specialty,112,171,385,Suburban,5,907,44,10,36.31,596
Emergency,122,118,633,Rural,1,133,7,14,47.87,210
Emergency,300,191,558,Urban,1,991,37,28,73.6,598
General,173,131,311,Rural,1,307,16,17,97.59,340
Specialty,424,79,225,Urban,3,912,43,12,90.38,384
Emergency,170,106,512,Suburban,1,298,0,3,40.82,320
General,324,164,598,Rural,4,691,2,16,99.84,643
Emergency,480,84,524,Suburban,1,682,45,3,10.32,248
Specialty,447,76,653,Suburban,5,254,25,15,12.49,177
Emergency,169,125,709,Urban,2,689,30,22,84.15,359
Emergency,471,28,642,Rural,5,177,7,14,27.95,89
Emergency,486,41,257,Suburban,3,271,42,13,15.47,0
Emergency,366,160,211,Urban,1,388,45,11,31.34,288
General,213,108,501,Urban,1,644,7,2,48.35,505
General,473,195,858,Urban,4,911,34,9,75.75,663
Specialty,335,37,221,Suburban,1,887,38,7,66.19,320
General,314,134,372,Urban,5,978,27,5,31.39,647
General,369,187,393,Rural,3,519,3,21,55.29,608
Specialty,210,164,497,Rural,2,106,15,13,93.36,304
General,425,162,570,Suburban,1,259,12,16,83.35,344
General,357,125,306,Rural,2,339,19,20,39.09,300
Specialty,138,34,209,Urban,1,522,4,18,98.4,270
Specialty,191,82,539,Suburban,3,635,36,15,73.78,313
Specialty,252,186,377,Urban,5,825,19,14,15.62,712
Emergency,358,32,667,Suburban,3,169,23,25,13.16,0
Emergency,276,100,986,Suburban,2,979,35,14,25.16,519
Specialty,492,51,668,Urban,1,315,33,0,75.51,104
Specialty,383,156,581,Rural,2,203,44,23,26.54,129
Specialty,271,59,902,Rural,5,826,47,22,56.03,284
Emergency,90,167,213,Suburban,3,153,33,22,18.39,202
Emergency,245,101,992,Urban,2,905,18,11,92.88,563
General,117,96,996,Urban,2,429,16,9,40.96,320
General,313,95,919,Suburban,5,947,4,13,91.73,662
Specialty,51,191,952,Rural,1,302,24,9,95.04,371
Emergency,410,57,576,Urban,2,387,17,9,10.55,225
Emergency,174,90,809,Rural,5,144,49,19,51.77,0
Emergency,159,67,420,Rural,1,928,7,28,12.22,508
Specialty,135,37,278,Suburban,1,297,26,10,91.78,91
General,474,163,996,Suburban,3,315,14,21,56.66,387
Specialty,169,58,318,Rural,5,580,44,15,16.74,197
General,176,108,888,Urban,1,408,12,28,19.92,281
General,304,81,627,Urban,3,995,15,8,44.52,578
Specialty,232,160,591,Suburban,4,534,21,14,94.62,479
General,65,128,990,Rural,5,431,19,13,72.36,427
General,111,100,160,Urban,4,795,12,18,88.09,528
Emergency,418,153,153,Urban,1,126,19,8,42.98,233
General,481,96,779,Suburban,5,265,1,3,13.89,326
Specialty,207,109,637,Rural,3,417,34,20,97.69,197
Specialty,317,33,947,Urban,1,373,46,6,11.55,6
General,84,114,164,Suburban,5,482,18,21,95.29,391
Emergency,316,73,711,Urban,5,464,44,25,43.18,112
Emergency,113,151,685,Urban,4,202,36,7,10.91,270
General,99,58,803,Urban,1,602,5,23,72.02,336
General,304,91,270,Suburban,3,944,13,7,98.25,607
Specialty,198,44,372,Rural,3,472,3,18,96.91,294
General,374,96,988,Suburban,1,715,21,14,24.48,424
Emergency,353,179,798,Rural,1,344,38,15,26.31,296
General,325,185,634,Urban,2,916,35,29,60.9,539
Specialty,406,139,490,Rural,4,268,33,25,67.36,200
Specialty,221,72,792,Urban,1,727,26,21,76.55,306
Specialty,466,175,426,Urban,1,752,6,22,26.29,646
Specialty,250,150,207,Suburban,2,517,2,8,96.31,548
Specialty,494,169,946,Urban,2,455,46,25,67.49,275
General,442,115,261,Suburban,5,577,32,25,86.23,368
General,373,185,913,Rural,3,224,1,29,58.61,407
General,84,91,551,Rural,4,636,41,11,47.28,257
General,265,81,305,Urban,5,805,15,15,97.95,496
Specialty,114,25,689,Suburban,1,995,24,3,62.39,452
Emergency,57,51,115,Urban,2,711,14,4,88.02,401
General,350,118,426,Suburban,3,501,23,7,95.8,373
Emergency,392,157,707,Suburban,5,616,14,0,70.78,606
General,480,150,758,Suburban,3,630,30,27,59.4,450
General,473,95,101,Rural,2,781,13,5,10.32,502
Emergency,381,196,109,Suburban,5,885,13,14,13.6,778
Specialty,487,78,533,Rural,5,353,5,3,28.08,361
General,125,50,224,Suburban,3,220,13,20,26.74,120
General,223,112,180,Rural,2,131,16,10,32.93,194
General,96,88,584,Rural,1,760,17,4,37.44,460
Emergency,64,71,751,Rural,5,877,19,17,42.41,478
Specialty,410,108,937,Urban,1,136,16,23,47.85,155
Emergency,196,146,249,Suburban,2,788,15,14,18.9,598
Emergency,75,188,899,Urban,5,441,39,17,13.81,442
Specialty,357,50,972,Suburban,5,112,38,19,70.66,0
Emergency,142,103,439,Suburban,1,282,31,27,58.36,156
Specialty,455,146,228,Urban,4,756,43,12,49.97,454
General,281,169,537,Rural,1,364,8,4,67.1,476
Specialty,70,151,850,Suburban,1,187,26,29,84.49,205
General,356,32,600,Rural,4,561,45,0,48.49,176
Emergency,87,64,157,Urban,2,145,32,21,67.7,20
Emergency,325,146,297,Rural,2,491,9,17,95.82,488
General,206,189,310,Suburban,5,218,16,13,85.57,417
Emergency,228,133,144,Suburban,3,630,48,4,48.34,386
Specialty,181,196,196,Suburban,3,546,48,5,68.02,427
General,360,39,378,Urban,5,831,35,26,25.94,284
Emergency,397,100,634,Suburban,3,844,16,23,60.45,499
General,77,183,509,Urban,1,705,17,24,98.32,560
Specialty,309,148,560,Rural,1,862,22,28,56.65,544
Specialty,455,162,490,Suburban,4,861,33,27,93.49,566
Emergency,125,36,946,Suburban,4,893,7,15,46.66,491
Specialty,478,171,143,Suburban,5,843,12,21,99.9,678
General,116,77,126,Rural,5,145,22,20,62.13,92
Specialty,391,91,893,Suburban,5,985,19,11,13.8,579
General,243,128,196,Urban,1,607,21,19,62.81,409
General,211,42,647,Rural,3,657,46,17,34.71,129
Specialty,396,193,720,Rural,5,625,22,1,12.92,617
Emergency,488,91,666,Rural,5,696,40,22,83.88,304
Specialty,410,27,803,Rural,1,930,34,20,34.82,320
General,306,78,318,Rural,1,939,2,22,81.69,556
General,121,130,284,Urban,1,102,33,12,35.94,140
Specialty,136,32,168,Rural,3,127,32,26,27.49,0
Emergency,471,186,928,Suburban,5,480,45,16,97.65,379
Emergency,311,175,229,Rural,2,256,16,16,42.55,361
General,263,35,666,Rural,2,954,44,15,64.12,278
General,202,138,989,Rural,5,610,18,20,64.9,529
Emergency,259,21,708,Rural,5,432,29,17,60.44,134
Specialty,450,164,947,Rural,5,943,22,7,92.32,730
General,110,49,698,Urban,5,786,14,29,70.7,357
General,317,122,905,Urban,3,213,13,2,46.34,300
Emergency,311,32,730,Rural,2,488,1,16,87.61,255
Specialty,267,115,819,Urban,4,586,38,28,26.3,291
Emergency,332,113,433,Suburban,2,942,48,17,58.98,407
Specialty,185,101,253,Rural,2,349,17,25,95.55,223
Specialty,429,32,646,Suburban,1,670,5,25,66.29,290
Specialty,411,190,178,Suburban,5,814,31,22,83.53,611
General,498,113,678,Rural,5,414,20,5,68.82,369
Emergency,490,168,954,Suburban,5,338,39,27,85.54,274
Emergency,142,131,512,Suburban,1,333,27,7,95.0,313
Specialty,158,74,645,Suburban,3,402,26,22,34.56,199
General,290,100,708,Rural,3,706,1,29,25.27,475
General,404,187,268,Rural,4,752,32,25,53.56,561
Emergency,473,135,780,Suburban,3,433,15,12,73.17,391
General,191,162,762,Rural,3,212,38,7,30.45,241
General,340,199,682,Rural,5,720,21,18,10.37,658
Specialty,481,127,614,Suburban,2,461,42,5,40.86,292
General,286,72,413,Rural,3,956,46,28,97.2,326
Specialty,389,147,131,Urban,3,900,12,22,72.55,625
Emergency,361,199,386,Rural,1,196,1,14,46.12,460
General,226,177,693,Urban,4,946,13,9,27.33,783
Emergency,190,180,142,Suburban,1,115,37,26,42.05,151
Emergency,238,76,716,Rural,5,655,40,16,25.29,297
General,98,71,100,Suburban,2,475,27,0,19.57,277
General,351,156,672,Suburban,4,841,6,6,91.61,711
Emergency,418,130,369,Suburban,1,489,17,28,99.79,368
General,239,20,279,Suburban,3,719,40,26,24.77,174
Specialty,185,63,835,Suburban,3,316,35,12,14.91,144
Specialty,92,94,617,Rural,4,498,40,2,39.68,305
General,453,117,202,Urban,3,359,35,18,51.55,196
Emergency,429,28,109,Rural,1,923,43,14,28.43,288
General,402,51,682,Rural,1,419,3,4,37.13,312
General,139,34,189,Rural,3,295,29,10,28.08,63
Emergency,344,159,325,Rural,3,577,23,21,79.68,467
Emergency,390,155,769,Urban,5,517,19,17,74.13,434
Specialty,294,91,839,Rural,2,574,45,2,67.15,219
Emergency,482,174,225,Suburban,4,706,30,5,44.85,541
Specialty,241,31,308,Rural,1,667,23,2,91.81,292
Emergency,367,84,196,Rural,4,643,6,29,97.26,421
General,155,126,173,Urban,5,330,25,4,25.63,324
Specialty,412,61,726,Urban,1,983,12,8,30.07,573
Specialty,359,134,290,Suburban,5,620,7,27,57.31,531
Specialty,431,158,781,Rural,5,802,4,18,18.21,661
General,282,122,918,Rural,3,972,43,27,49.28,460
General,314,190,815,Rural,4,299,12,26,62.36,412
General,393,114,155,Suburban,4,945,28,12,56.99,572
General,86,36,819,Urban,3,772,19,28,39.78,308
General,354,179,652,Suburban,4,698,13,5,58.82,649
Specialty,90,104,131,Rural,3,120,31,10,96.29,146
General,66,187,626,Urban,1,410,49,20,28.54,285
Specialty,393,170,673,Urban,5,687,26,20,68.93,535
General,326,75,766,Suburban,5,997,24,26,13.91,495
Emergency,356,153,383,Urban,4,752,3,29,15.98,652
Specialty,108,105,820,Urban,2,737,20,13,59.66,477
Emergency,472,197,931,Rural,5,862,17,5,19.44,771
Specialty,232,121,593,Rural,3,999,38,5,12.01,546
Emergency,90,184,286,Urban,2,695,14,16,25.44,600
General,88,73,597,Urban,2,533,37,10,60.84,207
General,446,196,541,Suburban,5,470,47,14,73.3,410
General,241,134,229,Suburban,5,659,23,8,28.22,523
Specialty,316,158,738,Urban,5,990,7,20,70.14,751
Emergency,196,107,391,Rural,3,177,27,16,26.42,165
General,444,68,213,Urban,2,641,20,23,65.21,289
Emergency,382,168,298,Urban,4,384,15,6,47.08,462
Emergency,176,134,112,Rural,3,747,15,6,68.84,549
General,95,82,370,Rural,1,239,34,29,99.55,6
General,94,123,700,Suburban,5,652,16,20,94.4,463
Emergency,50,102,314,Suburban,2,381,8,0,10.39,373
General,217,122,543,Suburban,3,661,34,24,89.69,342
General,157,175,889,Suburban,1,357,28,26,15.98,350
General,68,36,611,Rural,3,922,38,24,95.77,282
Specialty,381,25,546,Urban,3,459,17,7,35.36,207
Emergency,121,166,814,Suburban,4,539,11,4,44.38,600
Emergency,494,47,173,Suburban,4,369,18,29,18.25,143
Specialty,158,57,636,Rural,3,233,47,18,20.1,0
Emergency,317,138,200,Rural,1,845,21,7,75.41,585
General,494,56,275,Urban,2,739,48,16,94.99,202
Emergency,289,134,526,Urban,2,203,14,18,64.97,245
General,466,87,216,Rural,5,865,0,11,74.43,635
Specialty,350,196,265,Suburban,5,194,1,26,78.58,444
General,139,62,140,Suburban,2,948,7,22,33.65,535
Emergency,152,183,528,Suburban,3,828,21,29,14.07,633
Emergency,299,77,443,Urban,3,672,24,14,10.17,361
Emergency,57,32,523,Suburban,4,579,1,3,41.56,398
Specialty,202,71,465,Suburban,4,879,8,22,31.73,504
Specialty,396,77,219,Rural,5,340,8,11,15.61,316
Emergency,223,51,708,Suburban,2,112,12,26,26.16,55
General,392,124,756,Rural,3,246,5,12,21.2,333
Specialty,207,102,827,Suburban,2,851,29,13,92.34,456
Emergency,480,118,328,Urban,1,700,14,4,22.62,520
Emergency,264,123,924,Suburban,2,194,14,21,58.39,269
Specialty,226,47,229,Suburban,1,926,49,15,63.38,272
Specialty,224,148,451,Rural,4,392,6,29,58.91,405
Specialty,389,189,988,Rural,4,124,10,6,18.92,435
General,387,67,417,Rural,5,371,39,14,38.69,133
General,195,59,748,Suburban,2,604,37,12,14.61,236
Emergency,499,116,935,Suburban,2,265,39,25,45.61,143
Specialty,373,133,436,Urban,1,861,1,15,26.97,618
General,210,151,372,Suburban,4,186,47,11,60.55,166
Specialty,176,185,216,Urban,1,753,38,6,72.35,543
Emergency,469,174,917,Rural,4,745,9,15,57.89,651
General,131,156,467,Rural,1,890,43,22,49.08,447
General,196,130,193,Rural,4,737,16,22,44.86,490
General,288,163,267,Urban,1,927,6,26,85.75,693
Emergency,461,95,814,Suburban,4,590,39,12,29.74,283
Specialty,473,50,440,Rural,1,240,38,28,76.08,0
General,133,138,760,Suburban,2,967,3,22,78.17,700
Emergency,162,161,794,Suburban,5,202,34,2,47.73,283
Specialty,274,44,251,Rural,1,325,46,14,36.76,14
Emergency,381,53,685,Urban,5,674,35,27,52.35,224
Specialty,427,86,976,Suburban,2,393,30,2,18.39,262
Emergency,292,171,373,Rural,2,995,24,6,14.13,720
Specialty,192,137,653,Suburban,4,405,40,29,20.04,216
General,90,92,595,Suburban,5,353,12,17,26.84,285
Specialty,472,45,823,Suburban,3,279,17,13,55.38,165
Emergency,307,167,200,Suburban,4,139,20,17,86.42,306
Emergency,496,123,656,Suburban,5,875,47,18,31.21,429
Specialty,334,29,181,Urban,1,800,0,13,94.16,431
General,154,86,628,Urban,1,619,35,19,95.94,212
General,251,171,172,Rural,2,715,49,5,96.3,432
Specialty,499,24,113,Urban,3,836,7,28,85.38,361
Specialty,356,46,532,Urban,1,645,47,7,42.74,153
Emergency,380,132,256,Urban,5,335,20,25,16.54,330
General,315,34,834,Suburban,5,562,42,25,61.19,75
Specialty,447,182,231,Suburban,1,327,20,6,60.28,390
General,259,124,437,Rural,5,799,26,19,86.5,519
Specialty,100,63,503,Rural,5,924,18,17,99.64,501
Specialty,167,45,475,Rural,2,582,22,17,55.73,233
General,250,194,987,Suburban,3,529,49,14,41.07,436
Specialty,426,181,658,Urban,2,121,42,19,26.73,187
Specialty,88,114,206,Urban,3,442,34,21,10.43,270
Emergency,77,197,719,Suburban,5,139,39,18,55.82,263
Specialty,308,103,364,Rural,3,272,41,21,60.0,93
Specialty,133,159,304,Rural,5,538,47,20,84.24,331
Specialty,204,151,178,Rural,5,278,4,20,55.41,429
Emergency,166,106,254,Suburban,2,697,40,1,92.48,392
General,51,195,882,Rural,2,232,7,7,66.53,465
Emergency,142,131,346,Rural,4,450,10,20,85.63,426
Emergency,215,148,630,Suburban,1,624,15,10,23.35,532
General,436,108,957,Urban,4,639,38,17,86.98,323
Emergency,449,85,637,Suburban,4,605,46,22,70.76,209
General,399,177,828,Suburban,3,183,23,12,25.32,333
Emergency,345,150,253,Suburban,5,563,20,8,27.08,471
General,307,141,253,Suburban,5,929,22,8,93.39,671
Specialty,130,168,785,Urban,5,960,48,16,12.9,555
Emergency,474,103,191,Rural,1,442,37,6,51.63,252
Emergency,317,196,532,Suburban,3,379,46,8,38.21,400
Emergency,468,135,437,Urban,3,965,7,21,69.86,670
Emergency,284,135,579,Rural,5,362,6,0,85.57,444
Specialty,370,57,792,Rural,4,265,1,1,42.43,274
Emergency,360,162,230,Rural,1,392,29,3,48.42,370
Specialty,350,129,549,Suburban,4,608,12,13,98.37,516
Specialty,406,199,909,Suburban,2,679,22,3,80.55,643
Specialty,262,65,886,Rural,3,325,28,1,90.75,173
Specialty,111,44,372,Rural,3,269,37,7,49.49,48
General,98,40,687,Rural,4,697,36,17,31.07,215
General,176,140,276,Rural,1,744,19,18,47.07,529
Emergency,272,141,795,Rural,3,547,32,13,74.45,418
General,458,152,930,Rural,4,789,28,19,19.85,517
General,328,89,742,Urban,1,954,49,24,34.34,316
Emergency,457,132,974,Rural,4,601,14,9,14.2,499
Emergency,343,126,148,Suburban,1,863,22,16,48.91,511
Emergency,333,131,666,Suburban,5,626,41,7,84.47,373
General,326,127,765,Suburban,1,834,2,27,12.22,561
General,487,66,454,Rural,2,478,36,13,70.78,168
Emergency,156,110,811,Suburban,5,300,28,20,93.92,211
Specialty,195,37,407,Urban,4,718,44,22,31.32,194
Emergency,469,168,967,Rural,5,349,7,7,72.43,493
Specialty,148,123,984,Suburban,5,508,21,4,97.76,408
Specialty,478,170,729,Urban,4,700,28,15,96.61,544
Emergency,424,59,874,Urban,4,224,1,7,31.14,222
Emergency,122,157,145,Suburban,2,212,40,9,19.03,223
Emergency,486,108,401,Urban,4,236,48,26,23.35,22
General,171,199,967,Suburban,3,858,49,7,73.18,547
Specialty,79,80,507,Urban,3,595,44,8,75.32,211
General,237,24,288,Rural,2,777,0,17,70.68,397
General,413,141,921,Rural,1,249,43,2,40.25,189
Emergency,403,74,929,Rural,1,974,19,16,25.28,504
General,337,56,228,Rural,3,442,20,19,62.27,194
Emergency,244,75,660,Rural,4,679,36,14,53.53,290
Specialty,205,121,636,Suburban,2,832,7,20,75.6,611
Emergency,221,112,365,Rural,1,882,26,26,49.72,490
General,384,92,217,Rural,1,420,46,16,40.48,145
General,90,78,563,Rural,5,921,34,7,36.41,481
Emergency,112,21,243,Rural,3,960,5,1,29.03,531
Emergency,72,123,541,Urban,4,631,44,16,33.92,317
General,409,70,299,Rural,2,388,43,17,18.53,90
Specialty,124,49,256,Rural,1,588,18,28,41.22,209
Specialty,97,30,586,Suburban,5,591,17,4,13.29,287
Emergency,209,127,959,Urban,3,711,0,8,26.78,583
Specialty,362,95,233,Suburban,3,351,24,8,77.21,259
General,167,186,247,Rural,2,176,26,1,39.29,350
Emergency,149,109,435,Suburban,1,746,6,1,70.14,561
General,429,142,170,Suburban,2,491,43,18,74.52,271
General,466,144,332,Rural,2,511,41,22,62.31,255
Specialty,457,141,433,Urban,5,272,28,26,96.28,255
Emergency,216,113,910,Urban,3,974,30,2,11.93,580
Emergency,339,122,765,Suburban,4,300,43,16,76.48,188
Specialty,489,181,189,Rural,3,316,42,13,96.29,303
General,205,50,433,Suburban,3,475,35,13,87.6,167
General,470,71,298,Suburban,5,819,18,13,25.11,472
General,56,108,260,Suburban,4,685,5,5,39.41,562
General,245,95,637,Rural,1,110,24,2,25.52,147
Emergency,470,148,220,Rural,4,898,30,0,64.12,631
Emergency,105,41,400,Urban,1,867,8,29,74.1,407
Specialty,370,59,823,Rural,4,111,19,15,38.54,64
Specialty,242,120,674,Suburban,2,991,9,28,58.56,623
Emergency,96,130,535,Suburban,4,689,36,3,72.18,487
Emergency,197,148,167,Urban,5,534,26,28,47.92,411
General,324,84,864,Rural,1,783,12,0,86.86,498
General,206,189,558,Suburban,3,707,40,16,79.44,521
Specialty,251,168,613,Urban,5,917,1,27,15.82,732
Emergency,493,98,497,Urban,1,472,49,17,65.9,141
Specialty,451,41,719,Suburban,1,372,20,25,31.18,83
Emergency,468,185,385,Suburban,3,996,32,7,60.18,726
General,476,118,660,Rural,2,790,23,1,96.12,529
Specialty,175,27,239,Urban,5,675,43,26,89.12,154
Specialty,444,194,829,Suburban,3,608,41,17,46.41,481
Emergency,354,36,655,Urban,3,231,33,26,36.24,0
General,418,36,880,Rural,2,954,8,26,31.1,442
Specialty,343,109,689,Suburban,5,883,1,15,57.93,658
General,113,160,827,Rural,3,418,29,25,20.28,321
Specialty,374,164,993,Urban,2,943,21,9,59.43,687
General,441,185,709,Rural,5,952,45,7,10.12,650
Emergency,467,100,847,Rural,4,720,10,11,39.15,521
Specialty,225,97,381,Urban,1,884,42,21,29.79,381
Specialty,165,192,760,Rural,2,267,16,15,97.41,380
General,489,25,915,Urban,1,496,35,11,75.45,74
General,253,182,677,Suburban,4,279,12,10,41.47,430
Specialty,370,129,845,Urban,3,157,6,19,18.36,281
Emergency,80,33,556,Urban,3,579,15,18,56.51,250
General,437,91,186,Suburban,5,690,32,0,29.21,371
General,162,162,178,Urban,2,559,44,26,58.28,364
General,414,73,304,Suburban,2,160,0,2,85.18,200
Specialty,483,46,890,Suburban,5,468,10,11,65.42,293
Specialty,374,32,436,Urban,1,220,5,29,67.04,83
Specialty,463,178,353,Rural,3,818,19,8,58.69,661
Specialty,425,182,403,Rural,3,645,34,20,93.45,499
Emergency,393,79,479,Suburban,2,681,43,28,93.87,199
Emergency,492,25,229,Rural,2,116,36,21,56.15,0
Specialty,116,77,695,Rural,5,595,40,4,37.52,245
Emergency,124,68,375,Urban,4,596,25,0,51.36,372
General,94,170,798,Suburban,1,604,11,9,26.79,570
General,309,181,657,Suburban,4,631,29,16,67.27,492
General,203,45,998,Urban,4,414,27,3,55.01,205
Specialty,204,66,282,Rural,2,168,26,14,19.3,96
General,479,24,367,Suburban,2,826,41,18,27.79,203
Emergency,412,39,907,Rural,2,260,18,26,53.17,55
Specialty,497,153,421,Suburban,4,713,4,7,89.88,651
Emergency,283,78,611,Suburban,1,987,4,27,60.98,543
General,100,165,711,Suburban,2,817,40,27,71.34,459
General,355,151,177,Suburban,3,244,26,22,40.51,245
General,311,36,883,Rural,1,668,27,14,61.43,227
Specialty,364,33,438,Rural,3,694,25,26,50.26,232
Emergency,174,32,773,Rural,1,484,26,6,69.32,159
Specialty,448,154,655,Rural,2,368,48,14,14.55,245
Specialty,294,147,608,Urban,5,553,41,7,54.4,407
General,79,63,337,Suburban,2,798,20,29,36.64,327
Specialty,475,138,233,Suburban,4,617,0,25,39.36,537
Specialty,171,162,291,Suburban,4,964,27,22,96.48,670
General,174,38,455,Urban,1,449,47,9,26.44,54
Specialty,86,82,377,Rural,4,209,14,17,38.01,194
General,219,182,117,Suburban,2,582,16,3,55.89,590
General,173,100,623,Rural,3,506,25,14,87.67,310
General,406,182,279,Rural,2,749,19,10,47.5,632
General,84,166,222,Urban,1,150,24,21,76.95,225
Specialty,136,167,345,Urban,4,502,12,2,87.07,576
General,183,119,833,Rural,3,662,32,14,37.9,389
General,245,182,472,Suburban,5,575,24,2,45.35,573
Specialty,323,179,150,Suburban,3,186,7,14,42.09,418
Specialty,250,141,170,Urban,3,167,4,5,84.96,353
Emergency,418,195,579,Urban,2,695,5,0,13.99,731
Specialty,334,63,659,Urban,5,141,22,13,37.76,90
Specialty,126,123,118,Urban,1,830,29,15,71.15,479
Emergency,108,171,873,Urban,1,156,13,0,60.89,358
Specialty,480,80,183,Urban,3,837,22,20,49.27,427
Specialty,175,144,254,Urban,3,295,10,16,58.6,353
Specialty,450,164,664,Suburban,4,859,30,25,27.78,569
Specialty,158,90,718,Urban,5,777,5,7,48.76,592
Emergency,273,126,456,Urban,3,161,10,17,55.15,273
Specialty,327,69,915,Suburban,4,362,12,15,91.11,222
Specialty,117,84,746,Suburban,5,211,11,5,33.48,244
Emergency,118,118,542,Rural,1,864,1,9,88.1,633
General,214,51,168,Urban,4,810,34,9,67.98,318
Emergency,354,183,622,Urban,5,277,35,4,11.83,373
General,446,160,242,Urban,4,125,16,25,75.22,265
Emergency,211,77,291,Urban,3,509,27,27,13.2,262
Emergency,414,147,486,Rural,2,857,27,11,99.76,567
Specialty,391,161,477,Suburban,1,630,21,19,88.54,469
General,358,184,680,Suburban,3,876,37,16,36.76,585
Specialty,428,131,634,Urban,3,416,6,13,33.17,421
General,392,87,792,Urban,5,631,14,13,44.33,442
Emergency,484,59,392,Urban,4,205,31,2,42.06,113
Emergency,436,163,108,Rural,1,848,10,28,43.51,684
General,91,151,370,Rural,3,917,23,11,38.64,618
Specialty,403,192,486,Suburban,5,563,2,19,65.9,650
Specialty,465,109,192,Urban,1,345,29,17,24.78,190
Specialty,158,47,628,Urban,4,180,5,11,86.14,173
Specialty,100,115,253,Urban,3,761,1,1,83.12,660
Emergency,299,50,504,Urban,3,495,13,1,52.88,326
Emergency,390,22,939,Rural,3,621,40,26,86.75,82
Emergency,479,155,248,Suburban,1,932,17,16,32.24,666
Emergency,432,43,988,Suburban,1,835,43,9,11.58,229
Emergency,70,34,366,Rural,1,363,30,17,65.73,10
Specialty,349,190,521,Urban,1,760,12,21,51.21,642
Specialty,188,178,939,Suburban,5,889,25,18,61.04,683
Specialty,408,64,717,Suburban,2,373,43,25,90.94,51
Specialty,373,27,571,Rural,5,805,11,20,97.29,429
Emergency,434,90,992,Urban,3,271,17,0,67.1,262
Emergency,141,127,646,Suburban,5,364,8,23,78.77,374
Emergency,496,134,730,Urban,4,921,48,28,17.54,467
General,329,122,625,Suburban,1,125,20,3,24.46,200
Specialty,174,144,602,Rural,4,568,47,24,75.99,312
Specialty,446,76,113,Urban,4,961,48,3,48.82,432
Emergency,160,49,877,Rural,3,575,39,29,50.14,114
Specialty,403,165,751,Suburban,1,455,42,1,37.77,362
Specialty,188,133,905,Rural,4,125,23,18,64.66,243
Emergency,484,136,463,Rural,3,133,33,20,26.66,166
General,322,186,218,Rural,1,363,7,11,66.42,478
General,148,79,337,Suburban,2,237,43,9,25.64,101
General,301,117,645,Urban,3,915,32,12,15.74,539
Emergency,387,190,268,Rural,5,794,22,28,39.73,641
Specialty,153,145,621,Urban,1,974,12,29,30.8,638
Emergency,263,192,733,Suburban,4,853,48,21,90.01,561
Emergency,298,170,756,Urban,4,665,13,22,14.95,583
