October,November,December,January,Febuary
500,503,504,501,522
500,503,504,501,522
500,503,504,501,522
500,503,504,501,522
500,503,504,501,522
500,503,504,501,522
500,503,504,501,522
500,503,504,501,522
500,503,504,501,522
500,503,504,501,522
500,503,504,501,522
500,503,504,501,522
500,503,504,501,522
500,503,504,501,522
500,503,504,501,522
500,503,504,501,522
500,503,504,501,522
500,503,504,501,522
500,503,504,501,522
500,503,504,501,522
500,503,504,501,522
500,503,504,501,522
500,503,504,501,522
500,503,504,501,522
500,503,504,501,522
500,503,504,501,522
500,503,504,501,522
500,503,504,501,522
500,503,504,501,522
500,503,504,501,522
500,503,504,501,522
500,503,504,501,522
500,503,504,501,522
500,503,504,501,522
500,503,504,501,522
500,503,504,501,522
500,503,504,501,522
500,503,504,501,522
500,503,504,501,522
500,503,504,501,522
500,503,504,501,522
500,503,504,501,522
500,503,504,501,522
500,503,504,501,522
500,503,504,501,522
500,503,504,501,522
500,503,504,501,522
500,503,504,501,522
500,503,504,501,522
500,503,504,501,522
500,503,504,501,522
500,503,504,501,522
500,503,504,501,522
500,503,504,501,522
500,503,504,501,522
500,503,504,501,522
500,503,504,501,522
500,503,504,501,522
500,503,504,501,522
500,503,504,501,522
500,503,504,501,522
500,503,504,501,522
500,503,504,501,522
500,503,504,501,522
500,503,504,501,522
500,503,504,501,522
500,503,504,501,522
500,503,504,501,522
500,503,504,501,522
500,503,504,501,522
500,503,504,501,522
500,503,504,501,522
500,503,504,501,522
500,503,504,501,522
500,503,504,501,522
500,503,504,501,522
500,503,504,501,522
500,503,504,501,522
500,503,504,501,522
500,503,504,501,522
500,503,504,501,522
500,503,504,501,522
500,503,504,501,522
500,503,504,501,522
500,503,504,501,522
500,503,504,501,522
500,503,504,501,522
500,503,504,501,522
500,503,504,501,522
500,503,504,501,522
500,503,504,501,522
500,503,504,501,522
500,503,504,501,522
500,503,504,501,522
500,503,504,501,522
500,503,504,501,522
500,503,504,501,522
500,503,504,501,522
500,503,504,501,522
500,503,504,501,522
500,503,504,501,522
500,503,504,501,522
500,503,504,501,522
500,503,504,501,522
500,503,504,501,522
500,503,504,501,522
500,503,504,501,522
500,503,504,501,522
500,503,504,501,522
500,503,504,501,522
500,503,504,501,522
500,503,504,501,522
500,503,504,501,522
500,503,504,501,522
500,503,504,501,522
500,503,504,501,522
500,503,504,501,522
500,503,504,501,522
500,503,504,501,522
500,503,504,501,522
500,503,504,501,522
500,503,504,501,522
500,503,504,501,522
500,503,504,501,522
500,503,504,501,522
500,503,504,501,522
500,503,504,501,522
500,503,504,501,522
500,503,504,501,522
500,503,504,501,522
500,503,504,501,522
500,503,504,501,522
500,503,504,501,522
500,503,504,501,522
500,503,504,501,522
500,503,504,501,522
500,503,504,501,522
500,503,504,501,522
500,503,504,501,522
500,503,504,501,522
500,503,504,501,522
500,503,504,501,522
500,503,504,501,522
500,503,504,501,522
500,503,504,501,522
500,503,504,501,522
500,503,504,501,522
500,503,504,501,522
500,503,504,501,522
500,503,504,501,522
500,503,504,501,522
500,503,504,501,522
500,503,504,501,522
500,503,504,501,522
500,503,504,501,522
500,503,504,501,522
500,503,504,501,522
500,503,504,501,522
500,503,504,501,522
500,503,504,501,522
500,503,504,501,522
500,503,504,501,522
500,503,504,501,522
500,503,504,501,522
500,503,504,501,522
500,503,504,501,522
500,503,504,501,522
500,503,504,501,522
500,503,504,501,522
500,503,504,501,522
500,503,504,501,522
500,503,504,501,522
500,503,504,501,522
500,503,504,501,522
500,503,504,501,522
500,503,504,501,522
500,503,504,501,522
500,503,504,501,522
500,503,504,501,522
500,503,504,501,522
500,503,504,501,522
500,503,504,501,522
500,503,504,501,522
500,503,504,501,522
500,503,504,501,522
500,503,504,501,522
500,503,504,501,522
500,503,504,501,522
500,503,504,501,522
500,503,504,501,522
500,503,504,501,522
500,503,504,501,522
500,503,504,501,522
500,503,504,501,522
500,503,504,501,522
500,503,504,501,522
500,503,504,501,522
500,503,504,501,522
500,503,504,501,522
500,503,504,501,522
500,503,504,501,522
500,503,504,501,522
500,503,504,501,522
500,503,504,501,522
500,503,504,501,522
500,503,504,501,522
500,503,504,501,522
500,503,504,501,522
500,503,504,501,522
500,503,504,501,522
500,503,504,501,522
500,503,504,501,522
500,503,504,501,522
500,503,504,501,522
500,503,504,501,522
500,503,504,501,522
500,503,504,501,522
500,503,504,501,522
500,503,504,501,522
500,503,504,501,522
500,503,504,501,522
500,503,504,501,522
500,503,504,501,522
500,503,504,501,522
500,503,504,501,522
500,503,504,501,522
500,503,504,501,522
500,503,504,501,522
500,503,504,501,522
500,503,504,501,522
500,503,504,501,522
500,503,504,501,522
500,503,504,501,522
500,503,504,501,522
500,503,504,501,522
500,503,504,501,522
500,503,504,501,522
500,503,504,501,522
500,503,504,501,522
500,503,504,501,522
500,503,504,501,522
500,503,504,501,522
500,503,504,501,522
500,503,504,501,522
500,503,504,501,522
500,503,504,501,522
500,503,504,501,522
500,503,504,501,522
500,503,504,501,522
500,503,504,501,522
500,503,504,501,522
500,503,504,501,522
500,503,504,501,522
500,503,504,501,522
500,503,504,501,522
500,503,504,501,522
500,503,504,501,522
500,503,504,501,522
500,503,504,501,522
500,503,504,501,522
500,503,504,501,522
500,503,504,501,522
500,503,504,501,522
500,503,504,501,522
500,503,504,501,522
500,503,504,501,522
500,503,504,501,522
500,503,504,501,522
500,503,504,501,522
500,503,504,501,522
500,503,504,501,522
500,503,504,501,522
500,503,504,501,522
500,503,504,501,522
500,503,504,501,522
500,503,504,501,522
500,503,504,501,522
500,503,504,501,522
500,503,504,501,522
500,503,504,501,522
500,503,504,501,522
500,503,504,501,522
500,503,504,501,522
500,503,504,501,522
500,503,504,501,522
500,503,504,501,522
500,503,504,501,522
500,503,504,501,522
500,503,504,501,522
500,503,504,501,522
500,503,504,501,522
500,503,504,501,522
500,503,504,501,522
500,503,504,501,522
500,503,504,501,522
500,503,504,501,522
500,503,504,501,522
500,503,504,501,522
500,503,504,501,522
500,503,504,501,522
500,503,504,501,522
500,503,504,501,522
500,503,504,501,522
500,503,504,501,522
500,503,504,501,522
500,503,504,501,522
500,503,504,501,522
500,503,504,501,522
500,503,504,501,522
500,503,504,501,522
500,503,504,501,522
500,503,504,501,522
500,503,504,501,522
500,503,504,501,522
500,503,504,501,522
500,503,504,501,522
500,503,504,501,522
500,503,504,501,522
500,503,504,501,522
500,503,504,501,522
500,503,504,501,522
500,503,504,501,522
500,503,504,501,522
500,503,504,501,522
500,503,504,501,522
500,503,504,501,522
500,503,504,501,522
500,503,504,501,522
500,503,504,501,522
500,503,504,501,522
500,503,504,501,522
500,503,504,501,522
500,503,504,501,522
500,503,504,501,522
500,503,504,501,522
500,503,504,501,522
500,503,504,501,522
500,503,504,501,522
500,503,504,501,522
500,503,504,501,522
500,503,504,501,522
500,503,504,501,522
500,503,504,501,522
500,503,504,501,522
500,503,504,501,522
500,503,504,501,522
500,503,504,501,522
500,503,504,501,522
500,503,504,501,522
500,503,504,501,522
500,503,504,501,522
500,503,504,501,522
500,503,504,501,522
500,503,504,501,522
500,503,504,501,522
500,503,504,501,522
500,503,504,501,522
500,503,504,501,522
500,503,504,501,522
500,503,504,501,522
500,503,504,501,522
500,503,504,501,522
500,503,504,501,522
500,503,504,501,522
500,503,504,501,522
500,503,504,501,522
500,503,504,501,522
500,503,504,501,522
500,503,504,501,522
500,503,504,501,522
500,503,504,501,522
500,503,504,501,522
500,503,504,501,522
500,503,504,501,522
500,503,504,501,522
500,503,504,501,522
500,503,504,501,522
500,503,504,501,522
500,503,504,501,522
500,503,504,501,522
500,503,504,501,522
500,503,504,501,522
500,503,504,501,522
500,503,504,501,522
500,503,504,501,522
500,503,504,501,522
500,503,504,501,522
500,503,504,501,522
500,503,504,501,522
500,503,504,501,522
500,503,504,501,522
500,503,504,501,522
500,503,504,501,522
500,503,504,501,522
500,503,504,501,522
500,503,504,501,522
500,503,504,501,522
500,503,504,501,522
500,503,504,501,522
500,503,504,501,522
500,503,504,501,522
500,503,504,501,522
500,503,504,501,522
500,503,504,501,522
500,503,504,501,522
500,503,504,501,522
500,503,504,501,522
500,503,504,501,522
500,503,504,501,522
500,503,504,501,522
500,503,504,501,522
500,503,504,501,522
500,503,504,501,522
500,503,504,501,522
500,503,504,501,522
500,503,504,501,522
500,503,504,501,522
500,503,504,501,522
500,503,504,501,522
500,503,504,501,522
500,503,504,501,522
500,503,504,501,522
500,503,504,501,522
500,503,504,501,522
500,503,504,501,522
500,503,504,501,522
500,503,504,501,522
500,503,504,501,522
500,503,504,501,522
500,503,504,501,522
500,503,504,501,522
500,503,504,501,522
500,503,504,501,522
500,503,504,501,522
500,503,504,501,522
500,503,504,501,522
500,503,504,501,522
500,503,504,501,522
500,503,504,501,522
500,503,504,501,522
500,503,504,501,522
500,503,504,501,522
500,503,504,501,522
500,503,504,501,522
500,503,504,501,522
500,503,504,501,522
500,503,504,501,522
500,503,504,501,522
500,503,504,501,522
500,503,504,501,522
500,503,504,501,522
500,503,504,501,522
500,503,504,501,522
500,503,504,501,522
500,503,504,501,522
500,503,504,501,522
500,503,504,501,522
500,503,504,501,522
500,503,504,501,522
500,503,504,501,522
500,503,504,501,522
500,503,504,501,522
500,503,504,501,522
500,503,504,501,522
500,503,504,501,522
500,503,504,501,522
500,503,504,501,522
500,503,504,501,522
500,503,504,501,522
500,503,504,501,522
500,503,504,501,522
500,503,504,501,522
500,503,504,501,522
500,503,504,501,522
500,503,504,501,522
500,503,504,501,522
500,503,504,501,522
500,503,504,501,522
500,503,504,501,522
500,503,504,501,522
500,503,504,501,522
500,503,504,501,522
500,503,504,501,522
500,503,504,501,522
500,503,504,501,522
500,503,504,501,522
500,503,504,501,522
500,503,504,501,522
500,503,504,501,522
500,503,504,501,522
500,503,504,501,522
500,503,504,501,522
500,503,504,501,522
500,503,504,501,522
500,503,504,501,522
500,503,504,501,522
500,503,504,501,522
500,503,504,501,522
500,503,504,501,522
500,503,504,501,522
500,503,504,501,522
500,503,504,501,522
500,503,504,501,522
500,503,504,501,522
500,503,504,501,522
500,503,504,501,522
500,503,504,501,522
500,503,504,501,522
500,503,504,501,522
500,503,504,501,522
500,503,504,501,522
500,503,504,501,522
500,503,504,501,522
500,503,504,501,522
500,503,504,501,522
500,503,504,501,522
500,503,504,501,522
500,503,504,501,522
500,503,504,501,522
500,503,504,501,522
500,503,504,501,522
500,503,504,501,522
500,503,504,501,522
500,503,504,501,522
500,503,504,501,522
500,503,504,501,522
500,503,504,501,522
500,503,504,501,522
500,503,504,501,522
500,503,504,501,522
500,503,504,501,522
500,503,504,501,522
500,503,504,501,522
500,503,504,501,522
500,503,504,501,522
500,503,504,501,522
500,503,504,501,522
500,503,504,501,522
500,503,504,501,522
500,503,504,501,522
500,503,504,501,522
500,503,504,501,522
500,503,504,501,522
500,503,504,501,522
500,503,504,501,522
500,503,504,501,522
500,503,504,501,522
500,503,504,501,522
500,503,504,501,522
500,503,504,501,522
500,503,504,501,522
500,503,504,501,522
500,503,504,501,522
500,503,504,501,522
500,503,504,501,522
500,503,504,501,522
500,503,504,501,522
500,503,504,501,522
500,503,504,501,522
500,503,504,501,522
500,503,504,501,522
500,503,504,501,522
500,503,504,501,522
500,503,504,501,522
500,503,504,501,522
500,503,504,501,522
500,503,504,501,522
500,503,504,501,522
500,503,504,501,522
500,503,504,501,522
500,503,504,501,522
500,503,504,501,522
500,503,504,501,522
500,503,504,501,522
500,503,504,501,522
500,503,504,501,522
500,503,504,501,522
500,503,504,501,522
500,503,504,501,522
500,503,504,501,522
500,503,504,501,522
500,503,504,501,522
500,503,504,501,522
500,503,504,501,522
500,503,504,501,522
500,503,504,501,522
500,503,504,501,522
500,503,504,501,522
500,503,504,501,522
500,503,504,501,522
500,503,504,501,522
500,503,504,501,522
500,503,504,501,522
500,503,504,501,522
500,503,504,501,522
500,503,504,501,522
500,503,504,501,522
500,503,504,501,522
500,503,504,501,522
500,503,504,501,522
500,503,504,501,522
500,503,504,501,522
500,503,504,501,522
500,503,504,501,522
500,503,504,501,522
500,503,504,501,522
500,503,504,501,522
500,503,504,501,522
500,503,504,501,522
500,503,504,501,522
500,503,504,501,522
500,503,504,501,522
500,503,504,501,522
500,503,504,501,522
500,503,504,501,522
500,503,504,501,522
500,503,504,501,522
500,503,504,501,522
500,503,504,501,522
500,503,504,501,522
500,503,504,501,522
500,503,504,501,522
500,503,504,501,522
500,503,504,501,522
500,503,504,501,522
500,503,504,501,522
500,503,504,501,522
500,503,504,501,522
500,503,504,501,522
500,503,504,501,522
500,503,504,501,522
500,503,504,501,522
500,503,504,501,522
500,503,504,501,522
500,503,504,501,522
500,503,504,501,522
500,503,504,501,522
500,503,504,501,522
500,503,504,501,522
500,503,504,501,522
500,503,504,501,522
500,503,504,501,522
500,503,504,501,522
500,503,504,501,522
500,503,504,501,522
500,503,504,501,522
500,503,504,501,522
500,503,504,501,522
500,503,504,501,522
500,503,504,501,522
500,503,504,501,522
500,503,504,501,522
500,503,504,501,522
500,503,504,501,522
500,503,504,501,522
500,503,504,501,522
500,503,504,501,522
500,503,504,501,522
500,503,504,501,522
500,503,504,501,522
500,503,504,501,522
500,503,504,501,522
500,503,504,501,522
500,503,504,501,522
500,503,504,501,522
500,503,504,501,522
500,503,504,501,522
500,503,504,501,522
500,503,504,501,522
500,503,504,501,522
500,503,504,501,522
500,503,504,501,522
500,503,504,501,522
500,503,504,501,522
500,503,504,501,522
500,503,504,501,522
500,503,504,501,522
500,503,504,501,522
500,503,504,501,522
500,503,504,501,522
500,503,504,501,522
500,503,504,501,522
500,503,504,501,522
500,503,504,501,522
500,503,504,501,522
500,503,504,501,522
500,503,504,501,522
500,503,504,501,522
500,503,504,501,522
500,503,504,501,522
500,503,504,501,522
500,503,504,501,522
500,503,504,501,522
500,503,504,501,522
500,503,504,501,522
500,503,504,501,522
500,503,504,501,522
500,503,504,501,522
500,503,504,501,522
500,503,504,501,522
500,503,504,501,522
500,503,504,501,522
500,503,504,501,522
500,503,504,501,522
500,503,504,501,522
500,503,504,501,522
500,503,504,501,522
500,503,504,501,522
500,503,504,501,522
500,503,504,501,522
500,503,504,501,522
500,503,504,501,522
500,503,504,501,522
500,503,504,501,522
500,503,504,501,522
500,503,504,501,522
500,503,504,501,522
500,503,504,501,522
500,503,504,501,522
500,503,504,501,522
500,503,504,501,522
500,503,504,501,522
500,503,504,501,522
500,503,504,501,522
500,503,504,501,522
500,503,504,501,522
500,503,504,501,522
500,503,504,501,522
500,503,504,501,522
500,503,504,501,522
500,503,504,501,522
500,503,504,501,522
500,503,504,501,522
500,503,504,501,522
500,503,504,501,522
500,503,504,501,522
500,503,504,501,522
500,503,504,501,522
500,503,504,501,522
500,503,504,501,522
500,503,504,501,522
500,503,504,501,522
500,503,504,501,522
500,503,504,501,522
500,503,504,501,522
500,503,504,501,522
500,503,504,501,522
500,503,504,501,522
500,503,504,501,522
500,503,504,501,522
500,503,504,501,522
500,503,504,501,522
500,503,504,501,522
500,503,504,501,522
500,503,504,501,522
500,503,504,501,522
500,503,504,501,522
500,503,504,501,522
500,503,504,501,522
500,503,504,501,522
500,503,504,501,522
500,503,504,501,522
500,503,504,501,522
500,503,504,501,522
500,503,504,501,522
500,503,504,501,522
500,503,504,501,522
500,503,504,501,522
500,503,504,501,522
500,503,504,501,522
500,503,504,501,522
500,503,504,501,522
500,503,504,501,522
500,503,504,501,522
500,503,504,501,522
500,503,504,501,522
500,503,504,501,522
500,503,504,501,522
500,503,504,501,522
500,503,504,501,522
500,503,504,501,522
500,503,504,501,522
500,503,504,501,522
500,503,504,501,522
500,503,504,501,522
500,503,504,501,522
500,503,504,501,522
500,503,504,501,522
500,503,504,501,522
500,503,504,501,522
500,503,504,501,522
500,503,504,501,522
500,503,504,501,522
500,503,504,501,522
500,503,504,501,522
500,503,504,501,522
500,503,504,501,522
500,503,504,501,522
500,503,504,501,522
500,503,504,501,522
500,503,504,501,522
500,503,504,501,522
500,503,504,501,522
500,503,504,501,522
500,503,504,501,522
500,503,504,501,522
500,503,504,501,522
500,503,504,501,522
500,503,504,501,522
500,503,504,501,522
500,503,504,501,522
500,503,504,501,522
500,503,504,501,522
500,503,504,501,522
500,503,504,501,522
500,503,504,501,522
500,503,504,501,522
500,503,504,501,522
500,503,504,501,522
500,503,504,501,522
500,503,504,501,522
500,503,504,501,522
500,503,504,501,522
500,503,504,501,522
500,503,504,501,522
500,503,504,501,522
500,503,504,501,522
500,503,504,501,522
500,503,504,501,522
500,503,504,501,522
500,503,504,501,522
500,503,504,501,522
500,503,504,501,522
500,503,504,501,522
500,503,504,501,522
500,503,504,501,522
500,503,504,501,522
500,503,504,501,522
500,503,504,501,522
500,503,504,501,522
500,503,504,501,522
500,503,504,501,522
500,503,504,501,522
500,503,504,501,522
500,503,504,501,522
500,503,504,501,522
500,503,504,501,522
500,503,504,501,522
500,503,504,501,522
500,503,504,501,522
500,503,504,501,522
500,503,504,501,522
500,503,504,501,522
500,503,504,501,522
500,503,504,501,522
500,503,504,501,522
500,503,504,501,522
500,503,504,501,522
500,503,504,501,522
500,503,504,501,522
500,503,504,501,522
500,503,504,501,522
500,503,504,501,522
500,503,504,501,522
500,503,504,501,522
500,503,504,501,522
500,503,504,501,522
500,503,504,501,522
500,503,504,501,522
500,503,504,501,522
500,503,504,501,522
500,503,504,501,522
500,503,504,501,522
500,503,504,501,522
500,503,504,501,522
500,503,504,501,522
500,503,504,501,522
500,503,504,501,522
500,503,504,501,522
500,503,504,501,522
500,503,504,501,522
500,503,504,501,522
500,503,504,501,522
500,503,504,501,522
500,503,504,501,522
500,503,504,501,522
500,503,504,501,522
500,503,504,501,522
500,503,504,501,522
500,503,504,501,522
500,503,504,501,522
500,503,504,501,522
500,503,504,501,522
500,503,504,501,522
500,503,504,501,522
500,503,504,501,522
500,503,504,501,522
500,503,504,501,522
500,503,504,501,522
500,503,504,501,522
500,503,504,501,522
500,503,504,501,522
500,503,504,501,522
500,503,504,501,522
500,503,504,501,522
500,503,504,501,522
500,503,504,501,522
500,503,504,501,522
500,503,504,501,522
500,503,504,501,522
500,503,504,501,522
500,503,504,501,522
500,503,504,501,522
500,503,504,501,522
500,503,504,501,522
500,503,504,501,522
500,503,504,501,522
500,503,504,501,522
500,503,504,501,522
500,503,504,501,522
500,503,504,501,522
500,503,504,501,522
500,503,504,501,522
500,503,504,501,522
500,503,504,501,522
500,503,504,501,522
500,503,504,501,522
500,503,504,501,522
500,503,504,501,522
500,503,504,501,522
500,503,504,501,522
500,503,504,501,522
500,503,504,501,522
500,503,504,501,522
500,503,504,501,522
500,503,504,501,522
500,503,504,501,522
500,503,504,501,522
500,503,504,501,522
500,503,504,501,522
500,503,504,501,522
500,503,504,501,522
500,503,504,501,522
500,503,504,501,522
500,503,504,501,522
500,503,504,501,522
500,503,504,501,522
500,503,504,501,522
500,503,504,501,522
500,503,504,501,522
500,503,504,501,522
500,503,504,501,522
500,503,504,501,522
500,503,504,501,522
500,503,504,501,522
500,503,504,501,522
500,503,504,501,522
500,503,504,501,522
500,503,504,501,522
500,503,504,501,522
500,503,504,501,522
500,503,504,501,522
500,503,504,501,522
500,503,504,501,522
500,503,504,501,522
500,503,504,501,522
500,503,504,501,522
500,503,504,501,522
500,503,504,501,522
500,503,504,501,522
500,503,504,501,522
500,503,504,501,522
500,503,504,501,522
500,503,504,501,522
500,503,504,501,522
500,503,504,501,522
500,503,504,501,522
500,503,504,501,522
500,503,504,501,522
500,503,504,501,522
500,503,504,501,522
500,503,504,501,522
500,503,504,501,522
500,503,504,501,522
500,503,504,501,522
500,503,504,501,522
500,503,504,501,522
500,503,504,501,522
500,503,504,501,522
500,503,504,501,522
500,503,504,501,522
500,503,504,501,522
500,503,504,501,522
500,503,504,501,522
500,503,504,501,522
500,503,504,501,522
500,503,504,501,522
500,503,504,501,522
500,503,504,501,522
500,503,504,501,522
500,503,504,501,522
500,503,504,501,522
500,503,504,501,522
500,503,504,501,522
500,503,504,501,522
500,503,504,501,522
500,503,504,501,522
500,503,504,501,522
500,503,504,501,522
500,503,504,501,522
500,503,504,501,522
500,503,504,501,522
500,503,504,501,522
500,503,504,501,522
500,503,504,501,522
500,503,504,501,522
500,503,504,501,522
500,503,504,501,522
500,503,504,501,522
500,503,504,501,522
500,503,504,501,522
500,503,504,501,522
500,503,504,501,522
500,503,504,501,522
500,503,504,501,522
500,503,504,501,522
500,503,504,501,522
500,503,504,501,522
500,503,504,501,522
500,503,504,501,522
500,503,504,501,522
500,503,504,501,522
500,503,504,501,522
500,503,504,501,522
500,503,504,501,522
500,503,504,501,522
500,503,504,501,522
500,503,504,501,522
500,503,504,501,522
500,503,504,501,522
500,503,504,501,522
500,503,504,501,522
500,503,504,501,522
500,503,504,501,522
500,503,504,501,522
500,503,504,501,522
500,503,504,501,522
500,503,504,501,522
500,503,504,501,522
500,503,504,501,522
500,503,504,501,522
500,503,504,501,522
500,503,504,501,522
500,503,504,501,522
500,503,504,501,522
500,503,504,501,522
500,503,504,501,522
500,503,504,501,522
500,503,504,501,522
500,503,504,501,522
500,503,504,501,522
500,503,504,501,522
500,503,504,501,522
500,503,504,501,522
500,503,504,501,522
500,503,504,501,522
500,503,504,501,522
500,503,504,501,522
500,503,504,501,522
500,503,504,501,522
500,503,504,501,522
500,503,504,501,522
500,503,504,501,522
500,503,504,501,522
500,503,504,501,522
500,503,504,501,522
500,503,504,501,522
500,503,504,501,522
500,503,504,501,522
500,503,504,501,522
500,503,504,501,522
500,503,504,501,522
500,503,504,501,522
500,503,504,501,522
500,503,504,501,522
500,503,504,501,522
500,503,504,501,522
500,503,504,501,522
500,503,504,501,522
500,503,504,501,522
500,503,504,501,522
500,503,504,501,522
500,503,504,501,522
500,503,504,501,522
500,503,504,501,522
500,503,504,501,522
500,503,504,501,522
500,503,504,501,522
500,503,504,501,522
500,503,504,501,522
500,503,504,501,522
500,503,504,501,522
500,503,504,501,522
500,503,504,501,522
500,503,504,501,522
500,503,504,501,522
500,503,504,501,522
500,503,504,501,522
500,503,504,501,522
500,503,504,501,522
500,503,504,501,522
500,503,504,501,522
500,503,504,501,522
500,503,504,501,522
500,503,504,501,522
500,503,504,501,522
500,503,504,501,522
500,503,504,501,522
500,503,504,501,522
500,503,504,501,522
500,503,504,501,522
500,503,504,501,522
500,503,504,501,522
500,503,504,501,522
500,503,504,501,522
500,503,504,501,522
500,503,504,501,522
500,503,504,501,522
500,503,504,501,522
500,503,504,501,522
500,503,504,501,522
500,503,504,501,522
500,503,504,501,522
500,503,504,501,522
500,503,504,501,522
500,503,504,501,522
500,503,504,501,522
500,503,504,501,522
500,503,504,501,522
500,503,504,501,522
500,503,504,501,522
500,503,504,501,522
500,503,504,501,522
500,503,504,501,522
500,503,504,501,522
500,503,504,501,522
500,503,504,501,522
500,503,504,501,522
500,503,504,501,522
500,503,504,501,522
500,503,504,501,522
500,503,504,501,522
500,503,504,501,522
500,503,504,501,522
500,503,504,501,522
500,503,504,501,522
500,503,504,501,522
500,503,504,501,522
500,503,504,501,522
500,503,504,501,522
500,503,504,501,522
500,503,504,501,522
500,503,504,501,522
500,503,504,501,522
500,503,504,501,522
500,503,504,501,522
500,503,504,501,522
500,503,504,501,522
500,503,504,501,522
500,503,504,501,522
500,503,504,501,522
500,503,504,501,522
500,503,504,501,522
500,503,504,501,522
500,503,504,501,522
500,503,504,501,522
500,503,504,501,522
500,503,504,501,522
500,503,504,501,522
500,503,504,501,522
500,503,504,501,522
500,503,504,501,522
500,503,504,501,522
500,503,504,501,522
500,503,504,501,522
500,503,504,501,522
500,503,504,501,522
500,503,504,501,522
500,503,504,501,522
500,503,504,501,522
500,503,504,501,522
500,503,504,501,522
500,503,504,501,522
500,503,504,501,522
500,503,504,501,522
500,503,504,501,522
500,503,504,501,522
500,503,504,501,522
500,503,504,501,522
500,503,504,501,522
500,503,504,501,522
500,503,504,501,522
500,503,504,501,522
500,503,504,501,522
500,503,504,501,522
500,503,504,501,522
500,503,504,501,522
500,503,504,501,522
500,503,504,501,522
500,503,504,501,522
500,503,504,501,522
500,503,504,501,522
500,503,504,501,522
500,503,504,501,522
500,503,504,501,522
500,503,504,501,522
500,503,504,501,522
500,503,504,501,522
500,503,504,501,522
500,503,504,501,522
500,503,504,501,522
500,503,504,501,522
500,503,504,501,522
500,503,504,501,522
500,503,504,501,522
500,503,504,501,522
500,503,504,501,522
500,503,504,501,522
500,503,504,501,522
500,503,504,501,522
500,503,504,501,522
500,503,504,501,522
500,503,504,501,522
500,503,504,501,522
500,503,504,501,522
500,503,504,501,522
500,503,504,501,522
500,503,504,501,522
500,503,504,501,522
500,503,504,501,522
500,503,504,501,522
500,503,504,501,522
500,503,504,501,522
500,503,504,501,522
500,503,504,501,522
500,503,504,501,522
500,503,504,501,522
500,503,504,501,522
500,503,504,501,522
500,503,504,501,522
500,503,504,501,522
500,503,504,501,522
500,503,504,501,522
500,503,504,501,522
500,503,504,501,522
500,503,504,501,522
500,503,504,501,522
500,503,504,501,522
500,503,504,501,522
500,503,504,501,522
500,503,504,501,522
500,503,504,501,522
500,503,504,501,522
500,503,504,501,522
500,503,504,501,522
500,503,504,501,522
500,503,504,501,522
500,503,504,501,522
500,503,504,501,522
500,503,504,501,522
500,503,504,501,522
500,503,504,501,522
500,503,504,501,522
500,503,504,501,522
500,503,504,501,522
500,503,504,501,522
500,503,504,501,522
500,503,504,501,522
500,503,504,501,522
500,503,504,501,522
500,503,504,501,522
500,503,504,501,522
500,503,504,501,522
500,503,504,501,522
500,503,504,501,522
500,503,504,501,522
500,503,504,501,522
500,503,504,501,522
500,503,504,501,522
500,503,504,501,522
500,503,504,501,522
500,503,504,501,522
500,503,504,501,522
500,503,504,501,522
500,503,504,501,522
500,503,504,501,522
500,503,504,501,522
500,503,504,501,522
500,503,504,501,522
500,503,504,501,522
500,503,504,501,522
500,503,504,501,522
500,503,504,501,522
500,503,504,501,522
500,503,504,501,522
500,503,504,501,522
500,503,504,501,522
500,503,504,501,522
500,503,504,501,522
500,503,504,501,522
500,503,504,501,522
500,503,504,501,522
500,503,504,501,522
500,503,504,501,522
500,503,504,501,522
500,503,504,501,522
500,503,504,501,522
500,503,504,501,522
500,503,504,501,522
500,503,504,501,522
500,503,504,501,522
500,503,504,501,522
500,503,504,501,522
500,503,504,501,522
500,503,504,501,522
500,503,504,501,522
500,503,504,501,522
500,503,504,501,522
500,503,504,501,522
500,503,504,501,522
500,503,504,501,522
500,503,504,501,522
500,503,504,501,522
500,503,504,501,522
500,503,504,501,522
500,503,504,501,522
500,503,504,501,522
500,503,504,501,522
500,503,504,501,522
500,503,504,501,522
500,503,504,501,522
500,503,504,501,522
500,503,504,501,522
500,503,504,501,522
500,503,504,501,522
500,503,504,501,522
500,503,504,501,522
500,503,504,501,522
500,503,504,501,522
500,503,504,501,522
500,503,504,501,522
500,503,504,501,522
500,503,504,501,522
500,503,504,501,522
500,503,504,501,522
500,503,504,501,522
500,503,504,501,522
500,503,504,501,522
500,503,504,501,522
500,503,504,501,522
500,503,504,501,522
500,503,504,501,522
500,503,504,501,522
500,503,504,501,522
500,503,504,501,522
500,503,504,501,522
500,503,504,501,522
500,503,504,501,522
500,503,504,501,522
500,503,504,501,522
500,503,504,501,522
500,503,504,501,522
500,503,504,501,522
500,503,504,501,522
500,503,504,501,522
500,503,504,501,522
500,503,504,501,522
500,503,504,501,522
500,503,504,501,522
500,503,504,501,522
500,503,504,501,522
500,503,504,501,522
500,503,504,501,522
500,503,504,501,522
500,503,504,501,522
500,503,504,501,522
500,503,504,501,522
500,503,504,501,522
500,503,504,501,522
500,503,504,501,522
500,503,504,501,522
500,503,504,501,522
500,503,504,501,522
500,503,504,501,522
500,503,504,501,522
500,503,504,501,522
500,503,504,501,522
500,503,504,501,522
500,503,504,501,522
500,503,504,501,522
500,503,504,501,522
500,503,504,501,522
500,503,504,501,522
500,503,504,501,522
500,503,504,501,522
500,503,504,501,522
500,503,504,501,522
500,503,504,501,522
500,503,504,501,522
500,503,504,501,522
500,503,504,501,522
500,503,504,501,522
500,503,504,501,522
500,503,504,501,522
500,503,504,501,522
500,503,504,501,522
500,503,504,501,522
500,503,504,501,522
500,503,504,501,522
500,503,504,501,522
500,503,504,501,522
500,503,504,501,522
500,503,504,501,522
500,503,504,501,522
500,503,504,501,522
500,503,504,501,522
500,503,504,501,522
500,503,504,501,522
500,503,504,501,522
500,503,504,501,522
500,503,504,501,522
500,503,504,501,522
500,503,504,501,522
500,503,504,501,522
500,503,504,501,522
500,503,504,501,522
500,503,504,501,522
500,503,504,501,522
500,503,504,501,522
500,503,504,501,522
500,503,504,501,522
500,503,504,501,522
500,503,504,501,522
500,503,504,501,522
500,503,504,501,522
500,503,504,501,522
500,503,504,501,522
500,503,504,501,522
500,503,504,501,522
500,503,504,501,522
500,503,504,501,522
500,503,504,501,522
500,503,504,501,522
500,503,504,501,522
500,503,504,501,522
500,503,504,501,522
500,503,504,501,522
500,503,504,501,522
500,503,504,501,522
500,503,504,501,522
500,503,504,501,522
500,503,504,501,522
500,503,504,501,522
500,503,504,501,522
500,503,504,501,522
500,503,504,501,522
500,503,504,501,522
500,503,504,501,522
500,503,504,501,522
500,503,504,501,522
500,503,504,501,522
500,503,504,501,522
500,503,504,501,522
500,503,504,501,522
500,503,504,501,522
500,503,504,501,522
500,503,504,501,522
500,503,504,501,522
500,503,504,501,522
500,503,504,501,522
500,503,504,501,522
500,503,504,501,522
500,503,504,501,522
500,503,504,501,522
500,503,504,501,522
500,503,504,501,522
500,503,504,501,522
500,503,504,501,522
500,503,504,501,522
500,503,504,501,522
500,503,504,501,522
500,503,504,501,522
500,503,504,501,522
500,503,504,501,522
500,503,504,501,522
500,503,504,501,522
500,503,504,501,522
500,503,504,501,522
500,503,504,501,522
500,503,504,501,522
500,503,504,501,522
500,503,504,501,522
500,503,504,501,522
500,503,504,501,522
500,503,504,501,522
500,503,504,501,522
500,503,504,501,522
500,503,504,501,522
500,503,504,501,522
500,503,504,501,522
500,503,504,501,522
500,503,504,501,522
500,503,504,501,522
500,503,504,501,522
500,503,504,501,522
500,503,504,501,522
500,503,504,501,522
500,503,504,501,522
500,503,504,501,522
500,503,504,501,522
500,503,504,501,522
500,503,504,501,522
500,503,504,501,522
500,503,504,501,522
500,503,504,501,522
500,503,504,501,522
500,503,504,501,522
500,503,504,501,522
500,503,504,501,522
500,503,504,501,522
500,503,504,501,522
500,503,504,501,522
500,503,504,501,522
500,503,504,501,522
500,503,504,501,522
500,503,504,501,522
500,503,504,501,522
500,503,504,501,522
500,503,504,501,522
500,503,504,501,522
500,503,504,501,522
500,503,504,501,522
500,503,504,501,522
500,503,504,501,522
500,503,504,501,522
500,503,504,501,522
500,503,504,501,522
500,503,504,501,522
500,503,504,501,522
500,503,504,501,522
500,503,504,501,522
500,503,504,501,522
500,503,504,501,522
500,503,504,501,522
500,503,504,501,522
500,503,504,501,522
500,503,504,501,522
500,503,504,501,522
500,503,504,501,522
500,503,504,501,522
500,503,504,501,522
500,503,504,501,522
500,503,504,501,522
500,503,504,501,522
500,503,504,501,522
500,503,504,501,522
500,503,504,501,522
500,503,504,501,522
500,503,504,501,522
500,503,504,501,522
500,503,504,501,522
500,503,504,501,522
500,503,504,501,522
500,503,504,501,522
500,503,504,501,522
500,503,504,501,522
500,503,504,501,522
500,503,504,501,522
500,503,504,501,522
500,503,504,501,522
500,503,504,501,522
500,503,504,501,522
500,503,504,501,522
500,503,504,501,522
500,503,504,501,522
500,503,504,501,522
500,503,504,501,522
500,503,504,501,522
500,503,504,501,522
500,503,504,501,522
500,503,504,501,522
500,503,504,501,522
500,503,504,501,522
500,503,504,501,522
500,503,504,501,522
500,503,504,501,522
500,503,504,501,522
500,503,504,501,522
500,503,504,501,522
500,503,504,501,522
500,503,504,501,522
500,503,504,501,522
500,503,504,501,522
500,503,504,501,522
500,503,504,501,522
500,503,504,501,522
500,503,504,501,522
500,503,504,501,522
500,503,504,501,522
500,503,504,501,522
500,503,504,501,522
500,503,504,501,522
500,503,504,501,522
500,503,504,501,522
500,503,504,501,522
500,503,504,501,522
500,503,504,501,522
500,503,504,501,522
500,503,504,501,522
500,503,504,501,522
500,503,504,501,522
500,503,504,501,522
500,503,504,501,522
500,503,504,501,522
500,503,504,501,522
500,503,504,501,522
500,503,504,501,522
500,503,504,501,522
500,503,504,501,522
500,503,504,501,522
500,503,504,501,522
500,503,504,501,522
500,503,504,501,522
500,503,504,501,522
500,503,504,501,522
500,503,504,501,522
500,503,504,501,522
500,503,504,501,522
500,503,504,501,522
500,503,504,501,522
500,503,504,501,522
500,503,504,501,522
500,503,504,501,522
500,503,504,501,522
500,503,504,501,522
500,503,504,501,522
500,503,504,501,522
500,503,504,501,522
500,503,504,501,522
500,503,504,501,522
500,503,504,501,522
500,503,504,501,522
500,503,504,501,522
500,503,504,501,522
500,503,504,501,522
500,503,504,501,522
500,503,504,501,522
500,503,504,501,522
500,503,504,501,522
500,503,504,501,522
500,503,504,501,522
500,503,504,501,522
500,503,504,501,522
500,503,504,501,522
500,503,504,501,522
500,503,504,501,522
500,503,504,501,522
500,503,504,501,522
500,503,504,501,522
500,503,504,501,522
500,503,504,501,522
500,503,504,501,522
500,503,504,501,522
500,503,504,501,522
500,503,504,501,522
500,503,504,501,522
500,503,504,501,522
500,503,504,501,522
500,503,504,501,522
500,503,504,501,522
500,503,504,501,522
500,503,504,501,522
500,503,504,501,522
500,503,504,501,522
500,503,504,501,522
500,503,504,501,522
500,503,504,501,522
500,503,504,501,522
500,503,504,501,522
500,503,504,501,522
500,503,504,501,522
500,503,504,501,522
500,503,504,501,522
500,503,504,501,522
500,503,504,501,522
500,503,504,501,522
500,503,504,501,522
500,503,504,501,522
500,503,504,501,522
500,503,504,501,522
500,503,504,501,522
500,503,504,501,522
500,503,504,501,522
500,503,504,501,522
500,503,504,501,522
500,503,504,501,522
500,503,504,501,522
500,503,504,501,522
500,503,504,501,522
500,503,504,501,522
500,503,504,501,522
500,503,504,501,522
500,503,504,501,522
500,503,504,501,522
500,503,504,501,522
500,503,504,501,522
500,503,504,501,522
500,503,504,501,522
500,503,504,501,522
500,503,504,501,522
500,503,504,501,522
500,503,504,501,522
500,503,504,501,522
500,503,504,501,522
500,503,504,501,522
500,503,504,501,522
500,503,504,501,522
500,503,504,501,522
500,503,504,501,522
500,503,504,501,522
500,503,504,501,522
500,503,504,501,522
500,503,504,501,522
500,503,504,501,522
500,503,504,501,522
500,503,504,501,522
500,503,504,501,522
500,503,504,501,522
500,503,504,501,522
500,503,504,501,522
500,503,504,501,522
500,503,504,501,522
500,503,504,501,522
500,503,504,501,522
500,503,504,501,522
500,503,504,501,522
500,503,504,501,522
500,503,504,501,522
500,503,504,501,522
500,503,504,501,522
500,503,504,501,522
500,503,504,501,522
500,503,504,501,522
500,503,504,501,522
500,503,504,501,522
500,503,504,501,522
500,503,504,501,522
500,503,504,501,522
500,503,504,501,522
500,503,504,501,522
500,503,504,501,522
500,503,504,501,522
500,503,504,501,522
500,503,504,501,522
500,503,504,501,522
500,503,504,501,522
500,503,504,501,522
500,503,504,501,522
500,503,504,501,522
500,503,504,501,522
500,503,504,501,522
500,503,504,501,522
500,503,504,501,522
500,503,504,501,522
500,503,504,501,522
500,503,504,501,522
500,503,504,501,522
500,503,504,501,522
500,503,504,501,522
500,503,504,501,522
500,503,504,501,522
500,503,504,501,522
500,503,504,501,522
500,503,504,501,522
500,503,504,501,522
500,503,504,501,522
500,503,504,501,522
500,503,504,501,522
500,503,504,501,522
500,503,504,501,522
500,503,504,501,522
500,503,504,501,522
500,503,504,501,522
500,503,504,501,522
500,503,504,501,522
500,503,504,501,522
500,503,504,501,522
500,503,504,501,522
500,503,504,501,522
500,503,504,501,522
500,503,504,501,522
500,503,504,501,522
500,503,504,501,522
500,503,504,501,522
500,503,504,501,522
500,503,504,501,522
500,503,504,501,522
500,503,504,501,522
500,503,504,501,522
500,503,504,501,522
500,503,504,501,522
500,503,504,501,522
500,503,504,501,522
500,503,504,501,522
500,503,504,501,522
500,503,504,501,522
500,503,504,501,522
500,503,504,501,522
500,503,504,501,522
500,503,504,501,522
500,503,504,501,522
500,503,504,501,522
500,503,504,501,522
500,503,504,501,522
500,503,504,501,522
500,503,504,501,522
500,503,504,501,522
500,503,504,501,522
500,503,504,501,522
500,503,504,501,522
500,503,504,501,522
500,503,504,501,522
500,503,504,501,522
500,503,504,501,522
500,503,504,501,522
500,503,504,501,522
500,503,504,501,522
500,503,504,501,522
500,503,504,501,522
500,503,504,501,522
500,503,504,501,522
500,503,504,501,522
500,503,504,501,522
500,503,504,501,522
500,503,504,501,522
500,503,504,501,522
500,503,504,501,522
500,503,504,501,522
500,503,504,501,522
500,503,504,501,522
500,503,504,501,522
500,503,504,501,522
500,503,504,501,522
500,503,504,501,522
500,503,504,501,522
500,503,504,501,522
500,503,504,501,522
500,503,504,501,522
500,503,504,501,522
500,503,504,501,522
500,503,504,501,522
500,503,504,501,522
500,503,504,501,522
500,503,504,501,522
500,503,504,501,522
500,503,504,501,522
500,503,504,501,522
500,503,504,501,522
500,503,504,501,522
500,503,504,501,522
500,503,504,501,522
500,503,504,501,522
500,503,504,501,522
500,503,504,501,522
500,503,504,501,522
500,503,504,501,522
500,503,504,501,522
500,503,504,501,522
500,503,504,501,522
500,503,504,501,522
500,503,504,501,522
500,503,504,501,522
500,503,504,501,522
500,503,504,501,522
500,503,504,501,522
500,503,504,501,522
500,503,504,501,522
500,503,504,501,522
500,503,504,501,522
500,503,504,501,522
500,503,504,501,522
500,503,504,501,522
500,503,504,501,522
500,503,504,501,522
500,503,504,501,522
500,503,504,501,522
500,503,504,501,522
500,503,504,501,522
500,503,504,501,522
500,503,504,501,522
500,503,504,501,522
500,503,504,501,522
500,503,504,501,522
500,503,504,501,522
500,503,504,501,522
500,503,504,501,522
500,503,504,501,522
500,503,504,501,522
500,503,504,501,522
500,503,504,501,522
500,503,504,501,522
500,503,504,501,522
500,503,504,501,522
500,503,504,501,522
500,503,504,501,522
500,503,504,501,522
500,503,504,501,522
500,503,504,501,522
500,503,504,501,522
500,503,504,501,522
500,503,504,501,522
500,503,504,501,522
500,503,504,501,522
500,503,504,501,522
500,503,504,501,522
500,503,504,501,522
500,503,504,501,522
500,503,504,501,522
500,503,504,501,522
500,503,504,501,522
500,503,504,501,522
500,503,504,501,522
500,503,504,501,522
500,503,504,501,522
500,503,504,501,522
500,503,504,501,522
500,503,504,501,522
500,503,504,501,522
500,503,504,501,522
500,503,504,501,522
500,503,504,501,522
500,503,504,501,522
500,503,504,501,522
500,503,504,501,522
500,503,504,501,522
500,503,504,501,522
500,503,504,501,522
500,503,504,501,522
500,503,504,501,522
500,503,504,501,522
500,503,504,501,522
500,503,504,501,522
500,503,504,501,522
500,503,504,501,522
500,503,504,501,522
500,503,504,501,522
500,503,504,501,522
500,503,504,501,522
500,503,504,501,522
500,503,504,501,522
500,503,504,501,522
500,503,504,501,522
500,503,504,501,522
500,503,504,501,522
500,503,504,501,522
500,503,504,501,522
500,503,504,501,522
500,503,504,501,522
500,503,504,501,522
500,503,504,501,522
500,503,504,501,522
500,503,504,501,522
500,503,504,501,522
500,503,504,501,522
500,503,504,501,522
500,503,504,501,522
500,503,504,501,522
500,503,504,501,522
500,503,504,501,522
500,503,504,501,522
500,503,504,501,522
500,503,504,501,522
500,503,504,501,522
500,503,504,501,522
500,503,504,501,522
500,503,504,501,522
500,503,504,501,522
500,503,504,501,522
500,503,504,501,522
500,503,504,501,522
500,503,504,501,522
500,503,504,501,522
500,503,504,501,522
500,503,504,501,522
500,503,504,501,522
500,503,504,501,522
500,503,504,501,522
500,503,504,501,522
500,503,504,501,522
500,503,504,501,522
500,503,504,501,522
500,503,504,501,522
500,503,504,501,522
500,503,504,501,522
500,503,504,501,522
500,503,504,501,522
500,503,504,501,522
500,503,504,501,522
500,503,504,501,522
500,503,504,501,522
500,503,504,501,522
500,503,504,501,522
500,503,504,501,522
500,503,504,501,522
500,503,504,501,522
500,503,504,501,522
500,503,504,501,522
500,503,504,501,522
500,503,504,501,522
500,503,504,501,522
500,503,504,501,522
500,503,504,501,522
500,503,504,501,522
500,503,504,501,522
500,503,504,501,522
500,503,504,501,522
500,503,504,501,522
500,503,504,501,522
500,503,504,501,522
500,503,504,501,522
500,503,504,501,522
500,503,504,501,522
500,503,504,501,522
500,503,504,501,522
500,503,504,501,522
500,503,504,501,522
500,503,504,501,522
500,503,504,501,522
500,503,504,501,522
500,503,504,501,522
500,503,504,501,522
500,503,504,501,522
500,503,504,501,522
500,503,504,501,522
500,503,504,501,522
500,503,504,501,522
500,503,504,501,522
500,503,504,501,522
500,503,504,501,522
500,503,504,501,522
500,503,504,501,522
500,503,504,501,522
500,503,504,501,522
500,503,504,501,522
500,503,504,501,522
500,503,504,501,522
500,503,504,501,522
500,503,504,501,522
500,503,504,501,522
500,503,504,501,522
500,503,504,501,522
500,503,504,501,522
500,503,504,501,522
500,503,504,501,522
500,503,504,501,522
500,503,504,501,522
500,503,504,501,522
500,503,504,501,522
500,503,504,501,522
500,503,504,501,522
500,503,504,501,522
500,503,504,501,522
500,503,504,501,522
500,503,504,501,522
500,503,504,501,522
500,503,504,501,522
500,503,504,501,522
500,503,504,501,522
500,503,504,501,522
500,503,504,501,522
500,503,504,501,522
500,503,504,501,522
500,503,504,501,522
500,503,504,501,522
500,503,504,501,522
500,503,504,501,522
500,503,504,501,522
500,503,504,501,522
500,503,504,501,522
500,503,504,501,522
500,503,504,501,522
500,503,504,501,522
500,503,504,501,522
500,503,504,501,522
500,503,504,501,522
500,503,504,501,522
500,503,504,501,522
500,503,504,501,522
500,503,504,501,522
500,503,504,501,522
500,503,504,501,522
500,503,504,501,522
500,503,504,501,522
500,503,504,501,522
500,503,504,501,522
500,503,504,501,522
500,503,504,501,522
500,503,504,501,522
500,503,504,501,522
500,503,504,501,522
500,503,504,501,522
500,503,504,501,522
500,503,504,501,522
500,503,504,501,522
500,503,504,501,522
500,503,504,501,522
500,503,504,501,522
500,503,504,501,522
500,503,504,501,522
500,503,504,501,522
500,503,504,501,522
500,503,504,501,522
500,503,504,501,522
500,503,504,501,522
500,503,504,501,522
500,503,504,501,522
500,503,504,501,522
500,503,504,501,522
500,503,504,501,522
500,503,504,501,522
500,503,504,501,522
500,503,504,501,522
500,503,504,501,522
500,503,504,501,522
500,503,504,501,522
500,503,504,501,522
500,503,504,501,522
500,503,504,501,522
500,503,504,501,522
500,503,504,501,522
500,503,504,501,522
500,503,504,501,522
500,503,504,501,522
500,503,504,501,522
500,503,504,501,522
500,503,504,501,522
500,503,504,501,522
500,503,504,501,522
500,503,504,501,522
500,503,504,501,522
500,503,504,501,522
500,503,504,501,522
500,503,504,501,522
500,503,504,501,522
500,503,504,501,522
500,503,504,501,522
500,503,504,501,522
500,503,504,501,522
500,503,504,501,522
500,503,504,501,522
500,503,504,501,522
500,503,504,501,522
500,503,504,501,522
500,503,504,501,522
500,503,504,501,522
500,503,504,501,522
500,503,504,501,522
500,503,504,501,522
500,503,504,501,522
500,503,504,501,522
500,503,504,501,522
500,503,504,501,522
500,503,504,501,522
500,503,504,501,522
500,503,504,501,522
500,503,504,501,522
500,503,504,501,522
500,503,504,501,522
500,503,504,501,522
500,503,504,501,522
500,503,504,501,522
500,503,504,501,522
500,503,504,501,522
500,503,504,501,522
500,503,504,501,522
500,503,504,501,522
500,503,504,501,522
500,503,504,501,522
500,503,504,501,522
500,503,504,501,522
500,503,504,501,522
500,503,504,501,522
500,503,504,501,522
500,503,504,501,522
500,503,504,501,522
500,503,504,501,522
500,503,504,501,522
500,503,504,501,522
500,503,504,501,522
500,503,504,501,522
500,503,504,501,522
500,503,504,501,522
500,503,504,501,522
500,503,504,501,522
500,503,504,501,522
500,503,504,501,522
500,503,504,501,522
500,503,504,501,522
500,503,504,501,522
500,503,504,501,522
500,503,504,501,522
500,503,504,501,522
500,503,504,501,522
500,503,504,501,522
500,503,504,501,522
500,503,504,501,522
500,503,504,501,522
500,503,504,501,522
500,503,504,501,522
500,503,504,501,522
500,503,504,501,522
500,503,504,501,522
500,503,504,501,522
500,503,504,501,522
500,503,504,501,522
500,503,504,501,522
500,503,504,501,522
500,503,504,501,522
500,503,504,501,522
500,503,504,501,522
500,503,504,501,522
500,503,504,501,522
500,503,504,501,522
500,503,504,501,522
500,503,504,501,522
500,503,504,501,522
500,503,504,501,522
500,503,504,501,522
500,503,504,501,522
500,503,504,501,522
500,503,504,501,522
500,503,504,501,522
500,503,504,501,522
500,503,504,501,522
500,503,504,501,522
500,503,504,501,522
500,503,504,501,522
500,503,504,501,522
500,503,504,501,522
500,503,504,501,522
500,503,504,501,522
500,503,504,501,522
500,503,504,501,522
500,503,504,501,522
500,503,504,501,522
500,503,504,501,522
500,503,504,501,522
500,503,504,501,522
500,503,504,501,522
500,503,504,501,522
500,503,504,501,522
500,503,504,501,522
500,503,504,501,522
500,503,504,501,522
500,503,504,501,522
500,503,504,501,522
500,503,504,501,522
500,503,504,501,522
500,503,504,501,522
500,503,504,501,522
500,503,504,501,522
500,503,504,501,522
500,503,504,501,522
500,503,504,501,522
500,503,504,501,522
500,503,504,501,522
500,503,504,501,522
500,503,504,501,522
500,503,504,501,522
500,503,504,501,522
500,503,504,501,522
500,503,504,501,522
500,503,504,501,522
500,503,504,501,522
500,503,504,501,522
500,503,504,501,522
500,503,504,501,522
500,503,504,501,522
500,503,504,501,522
500,503,504,501,522
500,503,504,501,522
500,503,504,501,522
500,503,504,501,522
500,503,504,501,522
500,503,504,501,522
500,503,504,501,522
500,503,504,501,522
500,503,504,501,522
500,503,504,501,522
500,503,504,501,522
500,503,504,501,522
500,503,504,501,522
500,503,504,501,522
500,503,504,501,522
500,503,504,501,522
500,503,504,501,522
500,503,504,501,522
500,503,504,501,522
500,503,504,501,522
500,503,504,501,522
500,503,504,501,522
500,503,504,501,522
500,503,504,501,522
500,503,504,501,522
500,503,504,501,522
500,503,504,501,522
500,503,504,501,522
500,503,504,501,522
500,503,504,501,522
500,503,504,501,522
500,503,504,501,522
500,503,504,501,522
500,503,504,501,522
500,503,504,501,522
500,503,504,501,522
500,503,504,501,522
500,503,504,501,522
500,503,504,501,522
500,503,504,501,522
500,503,504,501,522
500,503,504,501,522
500,503,504,501,522
500,503,504,501,522
500,503,504,501,522
500,503,504,501,522
500,503,504,501,522
500,503,504,501,522
500,503,504,501,522
500,503,504,501,522
500,503,504,501,522
500,503,504,501,522
500,503,504,501,522
500,503,504,501,522
500,503,504,501,522
500,503,504,501,522
500,503,504,501,522
500,503,504,501,522
500,503,504,501,522
500,503,504,501,522
500,503,504,501,522
500,503,504,501,522
500,503,504,501,522
500,503,504,501,522
500,503,504,501,522
500,503,504,501,522
500,503,504,501,522
500,503,504,501,522
500,503,504,501,522
500,503,504,501,522
500,503,504,501,522
500,503,504,501,522
500,503,504,501,522
500,503,504,501,522
500,503,504,501,522
500,503,504,501,522
500,503,504,501,522
500,503,504,501,522
500,503,504,501,522
500,503,504,501,522
500,503,504,501,522
500,503,504,501,522
500,503,504,501,522
500,503,504,501,522
500,503,504,501,522
500,503,504,501,522
500,503,504,501,522
500,503,504,501,522
500,503,504,501,522
500,503,504,501,522
500,503,504,501,522
500,503,504,501,522
500,503,504,501,522
500,503,504,501,522
500,503,504,501,522
500,503,504,501,522
500,503,504,501,522
500,503,504,501,522
500,503,504,501,522
500,503,504,501,522
500,503,504,501,522
500,503,504,501,522
500,503,504,501,522
500,503,504,501,522
500,503,504,501,522
500,503,504,501,522
500,503,504,501,522
500,503,504,501,522
500,503,504,501,522
500,503,504,501,522
500,503,504,501,522
500,503,504,501,522
500,503,504,501,522
500,503,504,501,522
500,503,504,501,522
500,503,504,501,522
500,503,504,501,522
500,503,504,501,522
500,503,504,501,522
500,503,504,501,522
500,503,504,501,522
500,503,504,501,522
500,503,504,501,522
500,503,504,501,522
500,503,504,501,522
500,503,504,501,522
500,503,504,501,522
500,503,504,501,522
500,503,504,501,522
500,503,504,501,522
500,503,504,501,522
500,503,504,501,522
500,503,504,501,522
500,503,504,501,522
500,503,504,501,522
500,503,504,501,522
500,503,504,501,522
500,503,504,501,522
500,503,504,501,522
500,503,504,501,522
500,503,504,501,522
500,503,504,501,522
500,503,504,501,522
500,503,504,501,522
500,503,504,501,522
500,503,504,501,522
500,503,504,501,522
500,503,504,501,522
500,503,504,501,522
500,503,504,501,522
500,503,504,501,522
500,503,504,501,522
500,503,504,501,522
500,503,504,501,522
500,503,504,501,522
500,503,504,501,522
500,503,504,501,522
500,503,504,501,522
500,503,504,501,522
500,503,504,501,522
500,503,504,501,522
500,503,504,501,522
500,503,504,501,522
500,503,504,501,522
500,503,504,501,522
500,503,504,501,522
500,503,504,501,522
500,503,504,501,522
500,503,504,501,522
500,503,504,501,522
500,503,504,501,522
500,503,504,501,522
500,503,504,501,522
500,503,504,501,522
500,503,504,501,522
500,503,504,501,522
500,503,504,501,522
500,503,504,501,522
500,503,504,501,522
500,503,504,501,522
500,503,504,501,522
500,503,504,501,522
500,503,504,501,522
500,503,504,501,522
500,503,504,501,522
500,503,504,501,522
500,503,504,501,522
500,503,504,501,522
500,503,504,501,522
500,503,504,501,522
500,503,504,501,522
500,503,504,501,522
500,503,504,501,522
500,503,504,501,522
500,503,504,501,522
500,503,504,501,522
500,503,504,501,522
500,503,504,501,522
500,503,504,501,522
500,503,504,501,522
500,503,504,501,522
500,503,504,501,522
500,503,504,501,522
500,503,504,501,522
500,503,504,501,522
500,503,504,501,522
500,503,504,501,522
500,503,504,501,522
500,503,504,501,522
500,503,504,501,522
